code,name,reason,geoname_ids
ADFMO,La Farga de Moles,no explicit link,
AEDAS,Das Island,conflicting or missing match,292274
AEFAT,Fateh Terminal,no explicit link,
AEIND,Indooroodilly,no explicit link,
AEJEA,Jebel Ali,conflicting or missing match,8469747;8469749
AEKHA,Khalidia,conflicting or missing match,8476505
AEMUB,Mubarek Terminal,no explicit link,
AFDAZ,Darwaz,conflicting or missing match,1131591
AFKBL,Kabul,conflicting or missing match,1138958;1454002
AFKUR,Kuran-O-Munjan,conflicting or missing match,9031064
AFSGA,Sheghnan,conflicting or missing match,1125427;7730739
AFURN,Urgoon,conflicting or missing match,1434136;7053782
AGANU,Antigua,conflicting or missing match,3575954;3576396
AGBBQ,Barbuda,conflicting or missing match,3576396
AIROA,The Road,no explicit link,
AIWLL,Wall Blake,conflicting or missing match,3573371
AOKTI,Kiame Terminal,no explicit link,
AOLIE,Lieura,no explicit link,
AOPAT,Palanca Terminal,no explicit link,
AOSZA,Soyo,conflicting or missing match,2236967;7668254
AOSOQ,Soyo-Quinfuquena Terminal,conflicting or missing match,12196068
AOTAK,Takula Terminal,no explicit link,
ARATU,Atucha,conflicting or missing match,3433312
ARCLX,Clorinda,conflicting or missing match,3435365
ARCRD,Comodoro Rivadavia,conflicting or missing match,3860443;11525598
ARCOC,Concordia,conflicting or missing match,3435261;11525586
ARCUA,Cuatreros/Bahia Blanca,conflicting or missing match,3855120
ARAEP,Jorge Newbury Apt/Buenos Aires,conflicting or missing match,6301847
ARMDX,Mercedes,conflicting or missing match,7730769
ARMJR,Miramar,conflicting or missing match,3430669
ARXOS,Mosconi,conflicting or missing match,3855116;6300559
ARPBG,Puerto Belgrano/Bahia Blanca,conflicting or missing match,3840114;11525567
ARPGV,Puerto Galvan/Bahia Blanca,conflicting or missing match,3840099
ARPNL,Puerto Nacional/Bahia Blanca,no explicit link,
ARRAM,Ramallo,conflicting or missing match,3839444;11525583
ARRDS,Rincon de los Sauces,conflicting or missing match,7730147
ARSLO,San Lorenzo,conflicting or missing match,3837097;11525591
ARSMT,San Mateo,no explicit link,
ARXPD,San Pedro,conflicting or missing match,3836772;8298731
ATKYB,Kematen Ybbs,conflicting or missing match,2774550
ATXXX,RIS Inland waterways,no explicit link,
ATVDD,Vienna Danubepier Hov,conflicting or missing match,11549387
AUADA,Adelaide Apt,conflicting or missing match,6301322
AUAGW,Agnew,conflicting or missing match,7730809
AUAXL,Alexandria,conflicting or missing match,7730840
AUAYD,Alroy Downs,conflicting or missing match,7730841
AUAMT,Amata,conflicting or missing match,7730823
AUAMX,Ammaroo,conflicting or missing match,7730824
AUADO,Andamooka,conflicting or missing match,6941403;7730805
AUANZ,Angus Downs,conflicting or missing match,8298801
AUAYL,Anthony Lagoon,conflicting or missing match,7730843
AUGYL,Argyle,conflicting or missing match,8607713
AUAGY,Argyle Downs,no explicit link,
AURSE,Au-Rose Bay,conflicting or missing match,2207749
AUAWP,Austral Downs,conflicting or missing match,7730838
AUAVG,Auvergne,conflicting or missing match,7730836
AULCN,Balcanoona,conflicting or missing match,7731212
AUBQW,Balgo Hills,conflicting or missing match,7730877
AUBVW,Batavia Downs,conflicting or missing match,7730892
AUBEO,Belmont,conflicting or missing match,7668757
AUBVZ,Beverley Springs,conflicting or missing match,7730893
AUBCK,Bolwarra,conflicting or missing match,7730849
AUBRK,Bourke,conflicting or missing match,2174467;7668686
AUBMP,Brampton,conflicting or missing match,8599703
AUBHT,Brighton Downs,conflicting or missing match,8298711
AUBRA,Brisbane Apt,conflicting or missing match,6301292
AUBUV,Buffalo Venture,no explicit link,
AUCDU,Camden,conflicting or missing match,2160499
AUCFI,Camfield,conflicting or missing match,7730911
AUCBY,Canobie,conflicting or missing match,7730905
AUCRY,Carlton Hill,conflicting or missing match,7730945
AUCFP,Carpentaria Downs,conflicting or missing match,8299057
AUCTR,Cattle Creek,conflicting or missing match,7730952
AUCBC,Cherrabun,conflicting or missing match,8298689
AUCRH,Cherribah,conflicting or missing match,8299227
AUCXQ,Christmas Creek,conflicting or missing match,8261068
AUCLR,Clarence River,no explicit link,
AUCFH,Clifton Hills,conflicting or missing match,8298823
AUCZY,Cluny,conflicting or missing match,7730964
AUCLL,Collan Islands,no explicit link,
AUCIE,Collie,conflicting or missing match,8298882
AUCDA,Cooinda,conflicting or missing match,7730908
AUCOY,Coolawanyah,conflicting or missing match,8298789
AUODL,Cordillo Downs,conflicting or missing match,8298945
AUCWR,Cowarie,conflicting or missing match,9972734
AUCSD,Cresswell Downs,conflicting or missing match,7730946
AUDVP,Davenport Downs,conflicting or missing match,7730992
AUDDI,Daydream Is,no explicit link,
AUDLV,Delissaville,conflicting or missing match,7730977
AUDDN,Delta Downs,conflicting or missing match,7730970
AUDYM,Diamantina Lakes,conflicting or missing match,7730995
AUDRD,Dorunda Station,conflicting or missing match,7730988
AUDFP,Drumduff,conflicting or missing match,7730971
AUDLK,Dulkaninna,conflicting or missing match,7730976
AUDNB,Dunbar,conflicting or missing match,7730980
AUDHD,Durham Downs,conflicting or missing match,7730972
AUDRR,Durrie,conflicting or missing match,7730990
AUEDR,Edward River,conflicting or missing match,7730999
AUEKD,Elkedra,conflicting or missing match,7731001
AUENB,Eneabba West,conflicting or missing match,7731004
AUEDD,Erldunda,conflicting or missing match,2071908
AUERB,Ernabella,conflicting or missing match,7731008
AUMEB,Essendon Apt/Melbourne,conflicting or missing match,6301311
AUETD,Etadunna,conflicting or missing match,2071849
AUEVD,Eva Downs,conflicting or missing match,7731016
AUEXM,Exmouth Gulf,conflicting or missing match,7731018
AUFBN,Fairbarn,no explicit link,
AUFLS,Flinders Island,conflicting or missing match,7731030
AUFOS,Forrest,conflicting or missing match,6301330
AUFSL,Fossil Downs,conflicting or missing match,8299136
AUGBP,Gamboola,conflicting or missing match,8298980
AUGBV,Gibb River,conflicting or missing match,7731043
AUGLG,Glengyle,conflicting or missing match,7731059
AUGLM,Glenormiston,conflicting or missing match,7731061
AUGOI,Goods Is,conflicting or missing match,2165034
AUGDD,Gordon Downs,conflicting or missing match,7731045
AUGTS,Granites,conflicting or missing match,2060380
AUGRH,Greenhead,no explicit link,
AUGVP,Greenvale,conflicting or missing match,7731079
AUGGD,Gregory Downs,conflicting or missing match,7731053
AUGDF,Guildford,conflicting or missing match,9972700
AUHIP,Headingly,conflicting or missing match,7731086
AUHRY,Henbury,conflicting or missing match,8298715
AUHRN,Heron Island,conflicting or missing match,2163541;6354955;12129123
AUHIG,Highbury,conflicting or missing match,7731085
AUHOK,Hooker Creek,conflicting or missing match,7731093
AUHOT,Hope Tun,no explicit link,
AUHUB,Humbert River,conflicting or missing match,7731096
AUIFF,Iffley,conflicting or missing match,8166079
AUIKP,Inkerman,conflicting or missing match,7731112
AUIVW,Inverway,conflicting or missing match,7731126
AUJOV,Jabiru Venture (oil terminal),no explicit link,
AUKFG,Kalkurung,conflicting or missing match,7731167
AUKML,Kamileroi,conflicting or missing match,7731178
AUKNG,Kensington Gardens,no explicit link,
AUKBD,Kimberley Downs,conflicting or missing match,7731155
AUKNS,King Is,conflicting or missing match,7668729
AUKCS,Kings Creek Station,conflicting or missing match,7731162
AUKBB,Kirkimbie,conflicting or missing match,7731154
AUKUG,Kubin Island,conflicting or missing match,7731197
AUKRD,Kurundi,conflicting or missing match,2068087
AULEL,Lake Evella,conflicting or missing match,7731217
AULDW,Lansdowne,conflicting or missing match,8260847
AULUU,Laura,conflicting or missing match,7731245
AULUT,Laura Station,conflicting or missing match,7731244
AULGT,Legendre Terminal,no explicit link,
AULIB,Limbunya,conflicting or missing match,7731223
AULLL,Lissadell,conflicting or missing match,8607712
AULDH,Lord Howe Is,conflicting or missing match,6930427;7668731
AULOA,Lorraine,conflicting or missing match,7731234
AULTV,Lotusvale,conflicting or missing match,7731242
AULTP,Lyndhurst,conflicting or missing match,7731241
AUMNW,Macdonald Downs,conflicting or missing match,7731285
AUMHC,Macmahon Camp 4,no explicit link,
AUMIZ,Mainoru,conflicting or missing match,8298954
AUMQA,Mandora,conflicting or missing match,7731288
AUMGV,Margaret River Station,conflicting or missing match,7910395
AUMXD,Marion Downs,conflicting or missing match,7731312
AUMCY,Maroochydore Apt/Sunshine Coast,conflicting or missing match,7668691
AUMCV,Mcarthur River,conflicting or missing match,7910449
AUKAH,Melbourne City Heliport,conflicting or missing match,6693764
AURTY,Merty,conflicting or missing match,7731473
AUMIB,Milner Bay,no explicit link,
AUMWY,Miranda Downs,conflicting or missing match,7731310
AUMXQ,Mitchell River,no explicit link,
AUMIY,Mittiebah,conflicting or missing match,8599770
AUONR,Monkira,conflicting or missing match,7731369
AUMON,Montara Field,no explicit link,
AUMWT,Moolawatana,conflicting or missing match,8298794
AUOOR,Mooraberree,conflicting or missing match,7731370
AUOXY,Morney,conflicting or missing match,7731378
AUONG,Mornington,conflicting or missing match,7731367
AUMNV,Mountain Valley,conflicting or missing match,8260870
AUMFL,Mount Full Stop,conflicting or missing match,8298786
AUMTD,Mount Sandford,conflicting or missing match,7731296
AUMUQ,Muccan,conflicting or missing match,7731304
AUMVK,Mulka,conflicting or missing match,2065412
AUMNE,Mungeranie,no explicit link,
AUMVU,Musgrave,no explicit link,
AUMYO,Myroodah,conflicting or missing match,7731317
AUNMR,Nappa Merry,conflicting or missing match,7731338
AUNLS,Nicholson,conflicting or missing match,7731337
AUNIF,Nifty,conflicting or missing match,7731333
AUNKB,Noonkanbah,conflicting or missing match,2064598
AUNTE,Northern Endeavour,conflicting or missing match,2071959
AUNUR,Nullarbor,conflicting or missing match,7731351
AUOKB,Orchid Beach,conflicting or missing match,8635839
AUODR,Ord River,conflicting or missing match,8607689
AUOXO,Orientos,conflicting or missing match,8298783
AUORS,Orpheus Island Resort,conflicting or missing match,8299176
AUOSB,Osborne Island,no explicit link,
AUPDE,Pandie Pandie,conflicting or missing match,7731391
AUPRD,Pardoo,conflicting or missing match,7731411
AUPAE,Port Adelaide,conflicting or missing match,2063059;11886621
AUPBY,Port Bonython,conflicting or missing match,2078464;8615497
AUPHJ,Port Hunter,conflicting or missing match,8850986
AUPJK,Port Jackson,no explicit link,
AUPKL,Port Kembla,conflicting or missing match,2152671;11886736
AUPLO,Port Lincoln,conflicting or missing match,2063036;11876723
AUPSY,Port Stanley,no explicit link,
AUPST,Port Stanvac,no explicit link,
AUPWL,Port Walcott,no explicit link,
AUPWR,Port Warrender,no explicit link,
AUPRB,Proper Bay,no explicit link,
AURCM,Richmond,conflicting or missing match,7668764
AUROH,Robinhood,conflicting or missing match,7731466
AURDA,Rockhampton Downs,conflicting or missing match,7731457
AURPB,Roper Bar,conflicting or missing match,8299131
AURSB,Roseberth,conflicting or missing match,7731469
AURBY,Rosebery/Sydney,conflicting or missing match,2151129
AURHL,Roy Hill,conflicting or missing match,8621084
AUHLS,Saint Helens,conflicting or missing match,7668773
AUSVM,Saint Paul's Mission,conflicting or missing match,8299257
AUSMT,Saladin Marine Terminal,no explicit link,
AUSBY,Salisbury/Brisbane,conflicting or missing match,8349401
AUSRM,Sandringham,conflicting or missing match,11550532
AUSWB,Shaw River,conflicting or missing match,7731521
AUSSP,Silver Plains,conflicting or missing match,8298898
AUSKV,Skua Venture (oil terminal),no explicit link,
AUSHU,Smith Point,conflicting or missing match,8531906
AUZGL,South Galway,conflicting or missing match,7731652
AUSPB,Spring Bay,conflicting or missing match,7839670
AUKSV,Springvale,conflicting or missing match,7731193
AUZVG,Springvale,conflicting or missing match,8224808
AUSTG,Stag Platform,no explicit link,
AUSQP,Starcke,no explicit link,
AUSTF,Stephen Island,conflicting or missing match,2101461;8299104
AUSRR,Stradbroke Island,conflicting or missing match,9199815
AUSTH,Strathmore,conflicting or missing match,7731515
AUTBL,Tableland,conflicting or missing match,8260971
AUTXR,Tanbar,conflicting or missing match,8298910
AUTYG,Thylungra,conflicting or missing match,7731568
AUTYP,Tobermorey,conflicting or missing match,7731569
AUTWP,Torwood,conflicting or missing match,7731566
AUTOB,Towford Bay,no explicit link,
AUTRB,Trial Bay,no explicit link,
AUUDA,Undarra,conflicting or missing match,7731577
AUVCD,Victoria River Downs,conflicting or missing match,7731597
AUWLA,Wallal,conflicting or missing match,7731620
AUWLS,Wallis,conflicting or missing match,2151849
AUWNT,Wandoo Terminal,no explicit link,
AUWRW,Warrawagine,conflicting or missing match,7731627
AUWLO,Waterloo,conflicting or missing match,7731622
AUWAN,Waverney,conflicting or missing match,8298988
AUWEP,Westernport,conflicting or missing match,2144001;8194011
AUWIN,Winton,conflicting or missing match,7730281
AUVIT,Wishart,no explicit link,
AUWON,Wondoola,conflicting or missing match,8298892
AUWOG,Woodgreen,conflicting or missing match,8260968
AUWWI,Woodie Woodie,conflicting or missing match,7731631
AUWPK,Wrotham Park,conflicting or missing match,7731625
AUKYI,Yalata Mission,conflicting or missing match,7731203
AUYAM,Yampi,no explicit link,
AUKYB,Yangoonabie,no explicit link,
AUKYF,Yeelirrie,conflicting or missing match,7731202
AZDJU,Djulfa,no explicit link,
BAPJR,Prnjavor,conflicting or missing match,3192321
BDCLA,Cumilla,conflicting or missing match,1185186
BDIRD,Ishurdi,conflicting or missing match,1185207
BDKAM,Kamalapur/Dhaka,conflicting or missing match,1203533
BDMGL,Mongla,conflicting or missing match,1194124;1341778
BEABK,Albertkanaal ports,no explicit link,
BETTJ,Heultje,no explicit link,
BEXXX,RIS Inland waterways,no explicit link,
BGBOJ,Burgas,conflicting or missing match,732770;6699146
BGBYL,Byala,conflicting or missing match,732717
BGGOV,Gorna Oryahovica,no explicit link,
BGOLT,Oltomantsi,no explicit link,
BGXXX,RIS Inland waterways,no explicit link,
BGSWG,Svilengrad,no explicit link,
BGVAR,Varna,conflicting or missing match,726050;11876554
BGZLA,Zlatarevo,conflicting or missing match,725299
BJCOO,Cotonou,conflicting or missing match,2394819;11876775
BJSEM,Seme Terminal,no explicit link,
BNLUM,Lumut,conflicting or missing match,1820422
BSASD,"Andros Town, Andros Island",conflicting or missing match,3572907
BSCCZ,"Chub Cay, Berry Islands",conflicting or missing match,3572652
BSCRI,Crooked Island,conflicting or missing match,8030545
BSELE,Eleuthera Island,conflicting or missing match,3571777
BSFPO,"Freeport, Grand Bahama",conflicting or missing match,3572375
BSGGT,"George Town, Great Exuma Island",conflicting or missing match,6299937
BSGHB,"Governors Harbour, Eleuthera",conflicting or missing match,7730118
BSGBI,Grand Bahama,conflicting or missing match,8030546
BSNMC,Norman's Cay,conflicting or missing match,3571801
BSWZY,Seaplane Base,no explicit link,
BSSRP,South Riding Point,no explicit link,
BSTCB,"Treasure Cay, Great Abaco Island",conflicting or missing match,3571296
BTJOM,Jomotshangkha,no explicit link,
BWTLD,Tuli Lodge,conflicting or missing match,7730496
BZCOL,Colinto,no explicit link,
BZMDB,Melinda,conflicting or missing match,3581695
BZSVK,Silver Creek,conflicting or missing match,3580975;3581040;7731519
CAYNR,Arnes,conflicting or missing match,8261011
CAYAF,Asbestos Hill,conflicting or missing match,5912593
CAYPJ,Aupauluk,conflicting or missing match,6296222
CABAD,Baddeck,conflicting or missing match,5955678
CABGT,Bagotville,no explicit link,
CAYBG,Bagotville Apt,conflicting or missing match,6301442
CABAY,Bayside (St Roberts),no explicit link,
CAYDV,Bloodvein,conflicting or missing match,8520831
CAYBO,Bobquinn Lake,conflicting or missing match,8555876
CABCL,Bon Conseil,conflicting or missing match,6091439
CAYBM,Bronson Creek,conflicting or missing match,8554808
CABKN,Brooklyn,conflicting or missing match,6178460
CABRT,Broughton Is,conflicting or missing match,6296303
CAYBH,Bull Harbour,conflicting or missing match,8298728
CABDT,Burdett,no explicit link,
CAYDB,Burwash Landings,conflicting or missing match,6301450
CABTF,Butterfly Bay,no explicit link,
CAYYC,Calgary Apt,conflicting or missing match,6296327
CACPB,Campobello,conflicting or missing match,5914495
CAYCJ,Cape-Saint-James,conflicting or missing match,5916297
CACLT,Carleton,conflicting or missing match,6693777
CASKI,Charlotte (Skidegate),conflicting or missing match,6148858
CACHN,Chatham,conflicting or missing match,5920454
CAYHR,Chevery,conflicting or missing match,7668125
CACJH,Chilko Lake,conflicting or missing match,8260795
CAYCN,Cochrane,conflicting or missing match,7668117
CACHS,Cohasset,no explicit link,
CACLB,Colborne,conflicting or missing match,6111704
CACFL,Cooper Cliff,no explicit link,
CACWI,Cornwallis Is,no explicit link,
CACSC,Cote-Sainte-Catherine,no explicit link,
CACOH,Country Harbour,conflicting or missing match,5933199
CAYXC,Cranbrook,conflicting or missing match,6296313
CAYDN,Dauphin,conflicting or missing match,6301451
CAYRD,Dean River,conflicting or missing match,8298716
CAYVZ,Deer Lake,conflicting or missing match,7730041
CAYDS,Desolation Sound,conflicting or missing match,7910277
CAYDX,Doc Creek,conflicting or missing match,8260804
CAYDO,Dolbeau,conflicting or missing match,5940934
CAZEM,East Main,conflicting or missing match,6296353
CAERI,Erin,conflicting or missing match,5949258
CAYCZ,Fairmount Springs,conflicting or missing match,8505073
CAFAP,Father Point,no explicit link,
CAFWC,Fenwick,conflicting or missing match,5952180
CAFLV,Florenceville,conflicting or missing match,8581594
CAYFG,Fontanges,conflicting or missing match,8260805
CAYFH,Fort Hope,conflicting or missing match,7668121
CAYFX,Fox Harbour (St Lewis),conflicting or missing match,7730442
CAFRR,Fraser River,no explicit link,
CAYFB,Frobisher Bay Apt,conflicting or missing match,6296184
CAYGA,Gagnon,conflicting or missing match,8260814
CAYGS,Germansen,conflicting or missing match,5960660
CAYGO,Gods Narrows,conflicting or missing match,7668122
CAZGI,Gods River,conflicting or missing match,7668156
CAGDW,Goodwood,no explicit link,
CAYGE,Gorge Harbor,no explicit link,
CADAS,Great Bear Lake,conflicting or missing match,8533822
CAYGN,Greenway Sound,conflicting or missing match,7910285
CAGRS,Grindstone,no explicit link,
CAGCA,Gros Cacouna,no explicit link,
CAYHC,Hakai Pass,conflicting or missing match,8260824
CAYHZ,Halifax Apt,conflicting or missing match,6296207
CAYHM,Hamilton Apt,conflicting or missing match,6296205
CAYDJ,Hatchet Lake,conflicting or missing match,8533145
CAHID,Hilda,conflicting or missing match,5975132
CAHST,Holstein,no explicit link,
CAHYO,Holyrood,no explicit link,
CAHWS,Howe Sound,no explicit link,
CAYNH,Hudson Hope,no explicit link,
CAIBV,Iberville,conflicting or missing match,6137774
CAIPE,Ile Perrot,conflicting or missing match,6091369
CAYGR,Iles de la Madeleine,conflicting or missing match,6691321
CAYIV,Island Lk/Garden Hill,conflicting or missing match,6296211
CAJPR,Jasper,conflicting or missing match,5985934
CAZJG,Jenpeg,conflicting or missing match,7668158
CAJEI,Jervis Inlet,no explicit link,
CAYJO,Johnny Mountain,conflicting or missing match,8260969
CAYDU,Kasba Lake,conflicting or missing match,8617237
CAZKE,Kaschechewan,conflicting or missing match,7668160
CAYAU,Kattiniq/Donaldson Lake,conflicting or missing match,8532029
CAKES,Kelsey,conflicting or missing match,7730044
CAYKI,Kennosao Lake,no explicit link,
CAYKJ,Key Lake,conflicting or missing match,6296217
CAXBW,Killineq,no explicit link,
CAYLC,Kimmirut/Lake Harbour,conflicting or missing match,6296223
CAKWI,King William Is,no explicit link,
CAYKE,Knee Lake,conflicting or missing match,8298690
CAKOL,Kola,no explicit link,
CAYLB,Lac Biche,conflicting or missing match,6028050
CALAC,Lachine/Montreal,conflicting or missing match,6545041
CAYLF,Laforges,conflicting or missing match,8260845
CAYGL,La Grande,conflicting or missing match,6949250
CAYAH,Lagrande 4,conflicting or missing match,6296152
CALAH,Lake Harbour,no explicit link,
CAYLA,Langara,conflicting or missing match,6049348
CAYLH,Lansdowne House,conflicting or missing match,7668129
CALRQ,Laurie River,conflicting or missing match,8298678
CAXLF,Leaf Bay,no explicit link,
CALEN,Lennoxville,no explicit link,
CAZGR,Little Grand Rapids,conflicting or missing match,7668157
CAYSG,Lutselke/Snowdrift,conflicting or missing match,6943716
CAYAJ,Lyall Harbour,no explicit link,
CAMGD,Magdalen Is,no explicit link,
CAYMC,Maricourt Airstrip,no explicit link,
CAYTO,Metropolitan Area Apt/Toronto,conflicting or missing match,11549704
CAYAV,Miners Bay,conflicting or missing match,8533174
CAYMF,Montagne Harbor,no explicit link,
CAMTR,Montreal,conflicting or missing match,6077243;11876668
CAYUL,Montreal-Dorval Apt,conflicting or missing match,6296296
CAYML,Murray Bay,conflicting or missing match,6296232
CAMSA,Muskrat Dam,conflicting or missing match,7668162
CAZNG,Negginan,conflicting or missing match,8299200
CANPU,Nepeau,no explicit link,
CANPH,Nephton,no explicit link,
CANDK,New Denmark,no explicit link,
CAYNK,Nootka Sound,conflicting or missing match,8298740
CANRN,Noranda,conflicting or missing match,6128577
CANAF,North Arm Fraser,no explicit link,
CAORT,Northbrook,no explicit link,
CANSY,North Sydney,conflicting or missing match,6172503
CANWC,Norwich (Ontario),conflicting or missing match,6091191
CAYDW,Obre Lake,conflicting or missing match,8533757
CAYUF,Pelly Bay,conflicting or missing match,6301441
CAZPO,Pine House,conflicting or missing match,8260884
CAPPC,Pointe au Pic,no explicit link,
CAESX,Point-Escuminac,no explicit link,
CAPOA,Port Arthur,no explicit link,
CAPMO,Port Moody/Vancouver,no explicit link,
CAQUE,Quebec,conflicting or missing match,6325494;11886671
CAYQB,Quebec Apt,conflicting or missing match,6301472
CAQUL,Quliqura,no explicit link,
CAYQR,Regina Apt,conflicting or missing match,6301474
CARST,Restoule,no explicit link,
CAREX,Rexdale/Toronto,conflicting or missing match,6121648
CARIC,Richelieu,conflicting or missing match,6138495
CAROA,Roaches Line,no explicit link,
CARSN,Robertson,no explicit link,
CARUI,Rupert Inlet,no explicit link,
CASKE,Saint-Anne-de-Kent,no explicit link,
CASBD,Saint-Bernard,conflicting or missing match,6137511
CASCM,Saint-Come,conflicting or missing match,6137631
CADDS,Saint-Davids,conflicting or missing match,6155790
CASCO,Sainte-Clothilde,no explicit link,
CAYST,Sainte-Therese-Point,conflicting or missing match,7668144
CASVE,Sainte-Veronique,no explicit link,
CASTG,Saint-George,no explicit link,
CAGER,Saint-German,no explicit link,
CASID,Saint-Isidore,conflicting or missing match,6138402
CAXTJ,Saint-Jules,conflicting or missing match,8672579
CAYSL,Saint-Leonard,conflicting or missing match,6301479
CAYSN,Salmon Arm,conflicting or missing match,7668152
CAZSJ,Sandy Lake,conflicting or missing match,7668166
CAYAW,Shearwater,conflicting or missing match,6301440
CASHP,Shippegan,conflicting or missing match,11789760
CAYSH,Smith Falls,conflicting or missing match,7668143
CAYXF,Snake River,no explicit link,
CAYFJ,Snare Lake,conflicting or missing match,8555860
CAZFL,South Trout Lake,conflicting or missing match,8299020
CAYSQ,Spring Island,conflicting or missing match,6139826
CAYTC,Sturdee,conflicting or missing match,6082886
CATAB,Tabusintac,no explicit link,
CAGSL,Taltheilei Narrows,conflicting or missing match,8556238
CATAS,Tasu,conflicting or missing match,6161843
CATLB,Tilbury Is,no explicit link,
CATNG,Tingwick,conflicting or missing match,6138996
CATRA,Tracadie,conflicting or missing match,7302644
CATRC,Tracy,no explicit link,
CATRB,Trinity Bay,no explicit link,
CAYTI,Triple Island,no explicit link,
CATRR,Trois-Rivieres (Three Rivers),conflicting or missing match,6169141;7668141
CATUC,Tucks,no explicit link,
CAZFN,Tulita/Fort Norman,conflicting or missing match,6170056
CAYTK,Tulugak,no explicit link,
CAYVR,Vancouver Apt,conflicting or missing match,6301485
CAWNH,Wanham,no explicit link,
CAWAI,Watson Is,no explicit link,
CAYLE,Wha Ti/Lac La Martre,conflicting or missing match,7910230
CAWCM,Wicomico,no explicit link,
CAWND,Windsor,conflicting or missing match,6182962;11886739
CAYWG,Winnipeg Apt,conflicting or missing match,6301487
CAWIN,Winona,conflicting or missing match,6183250
CAWNN,Wunnummin Lake,conflicting or missing match,7730447
CAZAC,York Landing,conflicting or missing match,7668151
CDKLI,Kota Koli,conflicting or missing match,7730560
CFKWD,Kawadjia,no explicit link,
CFKOL,Koumala,conflicting or missing match,8298741
CGDJE,Djeno Terminal,no explicit link,
CGLCO,Lague,conflicting or missing match,7730498
CHBSG,Bisingen,no explicit link,
CHCSM,Chezard-St-Martin,no explicit link,
CHGPM,Granges-pres-Marnand,no explicit link,
CHLUG,Lugano,conflicting or missing match,2659836;8436732
CHOHI,Oberhasli,conflicting or missing match,6458842
CHXXX,RIS Inland waterways,no explicit link,
CIAFI,Amalfi,no explicit link,
CKMOI,Mitiaro Island,conflicting or missing match,4035642
CLPPD,Punta Padrones,no explicit link,
CMKOL,Kole Terminal,no explicit link,
CMKBI,Kribi,conflicting or missing match,9256332
CMLIT,Limboh Terminal,no explicit link,
CNARS,Aershan,conflicting or missing match,8054538
CNAHK,Aheitubieke,no explicit link,
CNAKA,Ankang,conflicting or missing match,7730814
CNART,Arhaxat,no explicit link,
CNASM,Asjman,no explicit link,
CNBSE,Baise,conflicting or missing match,7910245
CNBSI,Baishi,conflicting or missing match,8558819
CNBKT,Baketu,no explicit link,
CNBLI,Bali,no explicit link,
CNBJD,Beijingdong Railway Station,no explicit link,
CNBJZ,Beijing Railway Station,no explicit link,
CNPEK,Beijing Shoudu International Apt,conflicting or missing match,6301354
CNBJX,Beijingxi Railway Station,no explicit link,
CNBLG,Beilun Pt,no explicit link,
CNBIY,Beiyao,no explicit link,
CNCYB,Caiyuanba,no explicit link,
CNCGQ,Changchun Longjia International Apt,conflicting or missing match,6301398
CNCCD,Changchun Xinglong,conflicting or missing match,8644110
CNCNI,Changhai Dachangshandao Apt,conflicting or missing match,8260794
CNCSD,Changshadibg Railway Station,no explicit link,
CNCSX,Changsha Huanghua International Apt,conflicting or missing match,6301360
CNCTM,Chaotianmen,no explicit link,
CNCHE,Chengaogang,no explicit link,
CNCTU,Chengdu Shuangliu International Apt,conflicting or missing match,6301392;12195568
CNCJN,Chenjian,no explicit link,
CNCQD,Chongqingdong Railway Station,conflicting or missing match,11902781
CNCKG,Chongqing Jiangbei International Apt,conflicting or missing match,6301390
CNCHQ,Chongqing Pt,conflicting or missing match,11902786
CNDIZ,Dadingzi,conflicting or missing match,8523696
CNDHP,Dahuangpu,no explicit link,
CNDLU,Dali,conflicting or missing match,7668800
CNDAG,Dalian Pt,conflicting or missing match,1552896
CNDLC,Dalian Zhoushuizi International Apt,conflicting or missing match,6301401
CNFZL,Dantou,no explicit link,
CNDZM,Danzhimatou,no explicit link,
CNDSA,Dasha,no explicit link,
CNDYW,Dayaowan,conflicting or missing match,11524751
CNLUM,Dehong Mangshi,conflicting or missing match,7730293
CNDIG,Diqing  Shangri-La,conflicting or missing match,7730292
CNDCN,Dongchen,no explicit link,
CNDGU,Donggu,conflicting or missing match,7011450
CNDJG,Dongjiang Port Area,conflicting or missing match,1812460
CNDOP,Donglian Port,no explicit link,
CNDSN,Dongshan Pt,conflicting or missing match,11494331
CNDLT,Dulata,no explicit link,
CNDUR,Duruan Town,no explicit link,
CNENH,Enshi Xujiaping Apt,conflicting or missing match,7731005
CNFUO,Foshan Apt,conflicting or missing match,8299063
CNFRT,Foshan New Pt,conflicting or missing match,11524246
CNFYX,Fuyang Xiguan Apt,conflicting or missing match,7910485
CNFOC,Fuzhou Changle International Apt,conflicting or missing match,6301381;11494342;12196022
CNFZG,Fuzhou Pt,conflicting or missing match,2037423
CNFZX,Fuzhouxingang,no explicit link,
CNGQD,Ganqmod,no explicit link,
CNKOW,Ganzhou Huangjin Apt,conflicting or missing match,6301382
CNGBG,Guanbu Pt,no explicit link,
CNLHK,Guanghua,conflicting or missing match,7731221
CNGYS,Guangyuan Panlong Apt,conflicting or missing match,7730301
CNCAN,Guangzhou Baiyun International Apt,conflicting or missing match,6301359;12149062
CNGZC,Guangzhouchuanchang,no explicit link,
CNGUZ,Guangzhoudong Railway Station,no explicit link,
CNGCL,Guchengli,no explicit link,
CNKWL,Guilin Liangjiang International Apt,conflicting or missing match,6301362
CNKWE,Guiyang Longdongbao International Apt,conflicting or missing match,6301391
CNXMH,"Haicang, Xiamen",conflicting or missing match,6607668
CNHDN,Haidian,no explicit link,
CNHGN,Haigeng,no explicit link,
CNHAK,Haikou Meilan International Apt,conflicting or missing match,6453422
CNHAT,Haitang/Shekou,conflicting or missing match,7632853
CNHGH,Hangzhou Xiaoshan International Apt,conflicting or missing match,6301383
CNHBG,Harbin Pt,no explicit link,
CNHBZ,Harbin Railway Station,no explicit link,
CNHRB,Harbin Taiping International Apt,conflicting or missing match,6301399
CNHFE,Hefei Xinqiao International Apt,conflicting or missing match,8581630
CNHLW,Heliwei,no explicit link,
CNHET,Hohhot Baita International Apt,conflicting or missing match,6301355
CNHGG,Hongguang Pt,conflicting or missing match,1547668
CNHDG,Huadu Pt,conflicting or missing match,12195571
CNHUA,Huangpu Pt,conflicting or missing match,1807291;1807295
CNHAQ,Huangqi/Nanhai,no explicit link,
CNTXN,Huangshan Tunxi International Apt,conflicting or missing match,6324611
CNHIS,Huangshi,conflicting or missing match,1808392
CNHNS,Huanshi,no explicit link,
CNHQG,Huiqiang,no explicit link,
CNHLD,Hulunbuir Hailar Apt,conflicting or missing match,7668789
CNHUP,Huo Pt,no explicit link,
CNJMS,Jiamusi Pt,conflicting or missing match,2036581
CNJAN,Jiangan Railway Station,no explicit link,
CNJGJ,Jiangjin,conflicting or missing match,1805798
CNJSU,Jiangsiu,conflicting or missing match,1806260
CNJSG,Jiaoshan Pt,no explicit link,
CNJXN,Jiao Xin,conflicting or missing match,1916864
CNSWA,Jieyang Chaoshan Apt,conflicting or missing match,6301364
CNJLZ,Jilin Railway Station,no explicit link,
CNJMU,Jimusi,conflicting or missing match,7668813
CNTNA,Jinan Yaoqiang International Apt,conflicting or missing match,6453420
CNJGS,Jinggangshan Apt,conflicting or missing match,7910201
CNJTG,Jingtang Pt,no explicit link,
CNJNH,Jinhaian,no explicit link,
CNJII,Jining,no explicit link,
CNJJI,Jinjiang,no explicit link,
CNJPI,Jinpai,no explicit link,
CNJLP,Jiulongpo Pt,conflicting or missing match,1805144
CNJZU,Jiuzhou Pt,conflicting or missing match,11494321
CNKZG,Kangzhou Pt,no explicit link,
CNKHG,Kashi Apt,conflicting or missing match,6301394
CNKMG,Kunming Wujiaba International Apt,conflicting or missing match,6301378
CNKCA,Kuqa Apt,conflicting or missing match,7668811
CNKUY,Kuytun Railway Station,no explicit link,
CNLHW,Lanzhou Zhongchuan Apt,conflicting or missing match,6301373
CNLDK,Laodukou,no explicit link,
CNLHS,Laohushao,no explicit link,
CNLTP,Letianxi Pt,no explicit link,
CNLXA,Lhasa Gongga Apt,conflicting or missing match,6301884
CNLCX,Liancheng Apt,conflicting or missing match,7910378
CNLIJ,Lijiang,no explicit link,
CNLJG,Lijiang,conflicting or missing match,7731225
CNLLF,Lingling Apt/Yongzhou,conflicting or missing match,8298784
CNLJD,Liujiadu,no explicit link,
CNLJP,Liujia Pt,no explicit link,
CNLKP,Liukou Pt,no explicit link,
CNXML,Liuwudian,conflicting or missing match,1802889
CNLZP,Liuzuo Pt,no explicit link,
CNLYP,Liying Pt,no explicit link,
CNLPP,Longping Pt,no explicit link,
CNLGW,Longwu,conflicting or missing match,1803449
CNLJK,Luanjiakou,no explicit link,
CNLCP,Lucheng Pt,no explicit link,
CNLCW,Luochongwei,no explicit link,
CNLJT,Luojingtan,no explicit link,
CNLYA,Luoyang,conflicting or missing match,7731251
CNLYZ,Luoyang Railway Station,no explicit link,
CNLXP,Luxikou Pt,no explicit link,
CNMBI,Mabian Island,no explicit link,
CNNZH,Manzhouli Xijiao Apt,conflicting or missing match,7910171
CNMPP,Maoping Pt,no explicit link,
CNMSP,Maoshan Pt,no explicit link,
CNMTZ,Matouzhen,no explicit link,
CNMSG,Meishan Pt,no explicit link,
CNMXZ,Meixian Changgangji Apt,conflicting or missing match,7731315
CNMZW,Meizhouwan,no explicit link,
CNMIG,Mianyang Nanjiao Apt,conflicting or missing match,7730302
CNMYM,Moupingyangmadao,no explicit link,
CNMDG,Mudanjiang,conflicting or missing match,7668814
CNMZT,Muzhaerte,no explicit link,
CNKHN,Nanchang Changbei International Apt,conflicting or missing match,6301380
CNNKG,Nanjing Lukou International Apt,conflicting or missing match,6301384
CNNJG,Nanjing Pt,conflicting or missing match,1796341
CNNIG,Nanning Pt,no explicit link,
CNNNG,Nanning Wuxu International Apt,conflicting or missing match,6301363
CNNSY,Nianshanyapojiao,no explicit link,
CNNZG,Nianzigou,no explicit link,
CNNGB,Ningbo Lishe International Apt,conflicting or missing match,7668805
CNLZY,Nyingchi,conflicting or missing match,7730303
CNPZI,Panzhihua,conflicting or missing match,7910215
CNPHN,Pinghu'Nan,no explicit link,
CNPDX,Pudongxinqu Pt,conflicting or missing match,1814826
CNIQM,Qiemo Apt,conflicting or missing match,7668810
CNTAO,Qingdao Jiaodong International Apt,conflicting or missing match,6301387
CNQDG,Qingdao Pt,conflicting or missing match,1547845
CNQSE,Qingshuihe/Shenzhen,no explicit link,
CNIQN,Qingyang Xifengzhen Apt,conflicting or missing match,7730289
CNQZH,Qinzhou,conflicting or missing match,1797551;11494319
CNSAJ,Qinzhoushajing,no explicit link,
CNNDG,Qiqihar,conflicting or missing match,6301400
CNTCG,Qoqek Apt,conflicting or missing match,7668812
CNQKU,Qukou,no explicit link,
CNRCH,Rongcheng,no explicit link,
CNRUG,Rugao,conflicting or missing match,1797069
CNRJN,Runjiang,conflicting or missing match,1798008
CNSBM,Sanbaimen,no explicit link,
CNSBU,Sanbu Pt,conflicting or missing match,1789211
CNNHS,Sanshan pt,no explicit link,
CNSYX,Sanya,conflicting or missing match,6301369
CNSAL,Shalingzhuang,no explicit link,
CNSSG,Shashangang,no explicit link,
CNSYC,Shayuchong,no explicit link,
CNSYD,Shenyangdong Railway Station,no explicit link,
CNSHE,Shenyang Taoxian International Apt,conflicting or missing match,6301402
CNSZX,Shenzhen Baoan International Apt,conflicting or missing match,6301365
CNSZZ,Shenzhen Railway Station,no explicit link,
CNSHU,Shihu,conflicting or missing match,6732204
CNSJW,Shijiazhuang Zhengding International Apt,conflicting or missing match,7668791
CNSJJ,Shijingjiaoxin,no explicit link,
CNSLG,Shiliugang,no explicit link,
CNSIP,Shiqu Pt,no explicit link,
CNSFE,Suifenhe Railway Station,no explicit link,
CNSGG,Suijiang,conflicting or missing match,6648024
CNWUX,Sunan Shuofang International Apt,conflicting or missing match,7668806
CNSZG,Suzhou Pt,no explicit link,
CNTYN,Taiyuan Wusu International Apt,conflicting or missing match,6301357
CNTAZ,Taizhou Pt,conflicting or missing match,11903590
CNTKK,Taykexkin,no explicit link,
CNTBS,Tianjinbaoshuiqu,no explicit link,
CNTSN,Tianjin Binhai International Apt,conflicting or missing match,6301356
CNTZH,Tongzhong,conflicting or missing match,1793287
CNTJD,Tuojidao,no explicit link,
CNCIF,Ulanhad Tuchengcity Apt,conflicting or missing match,2048157
CNHLH,Ulan Hot Apt,conflicting or missing match,7731089
CNURC,Urumqi Diwobao International Apt,conflicting or missing match,6301396
CNWGQ,Waigaoqiao Pt,conflicting or missing match,7845618;12196205
CNWAX,Wanxian,conflicting or missing match,1791748;11494353
CNWZH,Wanzhou,conflicting or missing match,8403617
CNWEH,Weihai Dashuipo Apt,conflicting or missing match,7730298
CNWJD,Wenjindu,no explicit link,
CNWHG,Wuhan Pt,conflicting or missing match,12277022
CNWUH,Wuhan Tianhe International Apt,conflicting or missing match,6301368
CNWXI,Wuxian,no explicit link,
CNWXP,Wuxue Pt,no explicit link,
CNWUS,Wuyishan Apt,conflicting or missing match,7730299
CNXDJ,Xiadaiji,no explicit link,
CNXUA,Xiahua,no explicit link,
CNXMN,Xiamen Gaoqi International Apt,conflicting or missing match,6301379
CNXAG,Xianguojilugang,no explicit link,
CNSIA,Xian Xianyang International Apt,conflicting or missing match,2001154
CNXCG,Xichong Pt,no explicit link,
CNXTI,Xidi,conflicting or missing match,1788927
CNSHX,Xinan,conflicting or missing match,1795759
CNDMX,Xinhuan,no explicit link,
CNXNN,Xining,conflicting or missing match,6301375
CNJHG,Xishuangbanna Gasa International Apt,conflicting or missing match,7668801
CNXUM,Xuanmen,no explicit link,
CNXTZ,Xuetangzhou,no explicit link,
CNXUI,Xuhuiqu,no explicit link,
CNXUZ,Xuzhou Guanyin Apt,conflicting or missing match,8505071;10630003
CNYNZ,Yancheng,conflicting or missing match,7731646
CNYPE,Yangpeng,no explicit link,
CNYSA,Yangshan,no explicit link,
CNYGG,Yanguan,conflicting or missing match,1787531
CNYXT,Yangxifengtou,no explicit link,
CNYNJ,Yanji Chaoyangchuan Apt,conflicting or missing match,7668815
CNYNT,Yantai Laishan International Apt,conflicting or missing match,6453415
CNYJP,Yaojia Pt,no explicit link,
CNYBP,Yibin Caiba Apt,conflicting or missing match,6921832;7910198
CNYCG,Yichang Pt,conflicting or missing match,1787746
CNYIH,Yichang Sanxia Apt,conflicting or missing match,7731644
CNYKS,Yierkeshi,no explicit link,
CNYRK,Yierkeshitan,no explicit link,
CNYLN,Yilan Apt,conflicting or missing match,8260943
CNINC,Yinchuan Hedong International Apt,conflicting or missing match,6301883
CNYCA,Yingchuan,no explicit link,
CNYGJ,Yingjiang,conflicting or missing match,1784818
CNYUA,Yuanmou,conflicting or missing match,8260944
CNYXN,Yuexiunan,no explicit link,
CNYYP,Yuyue Pt,no explicit link,
CNYUZ,Yuzhou,no explicit link,
CNZAG,Zhanghu,no explicit link,
CNZQN,Zhaoqing Railway Station,no explicit link,
CNZAT,Zhaotong,conflicting or missing match,7731648
CNZPK,Zhapoyouku,no explicit link,
CNCGO,Zhengzhou Xinzheng International Apt,conflicting or missing match,6301367
CNZHI,Zhenhai Pt,conflicting or missing match,1784525
CNZOU,Zhenzhou,no explicit link,
CNZXN,Zhongxian,no explicit link,
CNZQJ,Zhouqujia,no explicit link,
CNZHU,Zhuao,conflicting or missing match,1783873
CNZIY,Ziyuan Pt,conflicting or missing match,12196127
CNZYI,Zunyi Xinzhou Apt,conflicting or missing match,8260946
COBUN,Buenaventura,conflicting or missing match,3688451;11525601
COCRC,Cartago,conflicting or missing match,3672486
COMIX,Miriti,conflicting or missing match,3674693
COPOC,Pozos Colorados,conflicting or missing match,11048852;11525609
COADZ,San Andres Island,conflicting or missing match,3670212
COSQE,San Luis de Pale,conflicting or missing match,3669353
COSJG,San Pedro Jagua,conflicting or missing match,3812788
CONPU,San Pedro Uraba,conflicting or missing match,3669087
COSMR,Santa Marta,conflicting or missing match,3668605;11525603
COTCO,Tumaco,conflicting or missing match,3666640;3746821
CRXQP,Quepos (Puerto Quepos),conflicting or missing match,3622193
CUGUB,Guantanamo Bay,conflicting or missing match,3557689
CUNBW,Guantanamo Nas Apt,conflicting or missing match,6299922
CUGAO,Los Canos Apt/Guantanamo,conflicting or missing match,6299923
CUICR,Nicaro,conflicting or missing match,3546023
CUSCU,Santiago de Cuba,conflicting or missing match,3536729;11886694
CVMTI,Mosteiros,no explicit link,
CVSNE,Sao Nicolau,conflicting or missing match,3374165
CZBIL,Bila,conflicting or missing match,3079374
CZBHD,Bohdanec,conflicting or missing match,3337421
CZHNJ,Haje nad Jizerou,conflicting or missing match,11468382
CZHNO,Hnojni,conflicting or missing match,3075684
CZKLV,Karlovy Vary,conflicting or missing match,3073803;6299649
CZLOD,Lodenice,conflicting or missing match,3075309
CZMED,Medlesic,no explicit link,
CZOSA,Olesna,conflicting or missing match,3069670
CZPRB,Pardubice,conflicting or missing match,3068582;7668321
CZPOT,Potucky-silnice,no explicit link,
CZRUP,Ricany u Prahy,conflicting or missing match,3066878
CZXXX,RIS Inland waterways,no explicit link,
CZRPR,Roznov pod Radhosthem,conflicting or missing match,3066651
CZZNM,Zabreh na Morave,no explicit link,
DEASH,Ahrenshoft,conflicting or missing match,2889818
DEAUE,Auerbach/Vogtland,conflicting or missing match,2954602
DEBDK,Bad Krozingen,conflicting or missing match,2819974
DEBGH,Bergheim-Westfalen,conflicting or missing match,2950448
DETXL,Berlin-Tegel Apt,conflicting or missing match,3208806
DEBRF,Brebach-Fechingen,no explicit link,
DETLD,Bresteland,no explicit link,
DEBUH,Burbach/Siegen,conflicting or missing match,2941595
DEBSK,Burgstaaken/Fehmarn,conflicting or missing match,2941154
DECLE,Cable,no explicit link,
DECHI,Chiemsee,conflicting or missing match,2913942
DEECH,Eching/Freising,conflicting or missing match,2933799
DEEHR,Ehringshausen/Lahn-Dill,conflicting or missing match,2932788
DEEEU,Elfershausen,no explicit link,
DEERB,Erbach/Odenwald,conflicting or missing match,2929802
DEESF,Estorf/Weser,conflicting or missing match,2928712
DEGEM,Gemunden,conflicting or missing match,2921379
DEGNE,Gernrode/Harz,conflicting or missing match,2920999
DEGLD,Goeland,no explicit link,
DEHAI,Haibach/Aschaffenburg,conflicting or missing match,2912159
DEHDN,Heiden/Borken,conflicting or missing match,2907889
DEHES,Heiligenhaus/Mettmann,conflicting or missing match,2907585
DEHDL,Hindelang,conflicting or missing match,2904473
DEIND,Inden-Lamersdorf,no explicit link,
DEINM,Ingelheim,conflicting or missing match,2863240
DEJOH,Johannisberg,no explicit link,
DEKDF,Kirchdorf (Iller),conflicting or missing match,6556018
DEKIR,Kirchheim/Teck,conflicting or missing match,2890473
DEKIN,Kirn/Nahe,conflicting or missing match,2890314
DEKOB,Koblenz am Rhein,conflicting or missing match,2886946
DEKOE,Kotz,conflicting or missing match,2847237
DELNG,Langen bei Bremerhaven,no explicit link,
DECCC,Leimbach,no explicit link,
DELLD,Leinefelde,conflicting or missing match,2879193
DELKE,Linken,no explicit link,
DELKH,Linkenheim,conflicting or missing match,3272461
DELIS,List/Sylt,conflicting or missing match,2876837
DELUG,Ludwigsburg,no explicit link,
DEMAX,Maxdorf/Pfalz,conflicting or missing match,2872686
DENCH,Nachrodt,conflicting or missing match,2867252
DENSU,Nassau/Lahn,conflicting or missing match,2867037
DENEI,Neidenfels/Pfalz,conflicting or missing match,2866608
DENCN,Neunkirchen/Siegen,conflicting or missing match,2864425
DENSA,Neustadt/Aisch,conflicting or missing match,2864057
DENFN,Niefern,conflicting or missing match,3206254
DEOEA,Oelsa/Freital,no explicit link,
DEORT,Orth/Fehmarn,conflicting or missing match,2857004
DEOTL,Otzberg Lengfeld,no explicit link,
DEPSW,Petershagen/Weser,conflicting or missing match,11524880
DEREK,Reken,conflicting or missing match,2888344
DERZB,Rettenbach / Gunzburg,conflicting or missing match,2848001
DERHI,"Rheinau, Ortenaukreis",conflicting or missing match,3209262
DERHT,Rhodt,conflicting or missing match,2847558
DERDB,Rieden (Amberg-Sulzbach),conflicting or missing match,2847242
DEXXX,RIS Inland waterways,no explicit link,
DERSG,Rosenberg/Ostalb,conflicting or missing match,2845056
DESDE,"Sande, Friesland",conflicting or missing match,2934132
DESAH,Saulheim,conflicting or missing match,2859199
DESHS,Schloss Holte-Stukenbrock,conflicting or missing match,3207384
DESLH,Schopfloch/Freudenstadt,conflicting or missing match,2836409
DESEH,Sehestedt/Eider,no explicit link,
DESEP,Sostrop,no explicit link,
DESPR,Sprendlingen/Rheinhessen,no explicit link,
DESDD,"Steenodde, Amrum",conflicting or missing match,2829175
DESTO,Stolberg/Harz,conflicting or missing match,2826594
DESWA,Swisttal,conflicting or missing match,2928767
DETHM,Thalheim/Erzgebirge,conflicting or missing match,2823081
DETUI,Thuringen,conflicting or missing match,2867996
DETCH,Toepchin,no explicit link,
DETOL,Torfplatz Oldenburg,no explicit link,
DEWMA,Weimar/Giessen,conflicting or missing match,2811103
DEWRC,Werneuchen,no explicit link,
DEWBG,Westerburg/Westerwaldkreis,conflicting or missing match,2810413
DEWHN,Westhofen/Rheinhessen,conflicting or missing match,2810110
DETTR,Wettringen,no explicit link,
DEWTG,Wittenberg,no explicit link,
DEWON,Wolfstein/Pfalz,conflicting or missing match,2806523
DEWUG,Wunnenberg,conflicting or missing match,2805785
DEZEU,Zeulenroda-Triebes,conflicting or missing match,2804654
DJDCT,Doraleh Container Terminal,conflicting or missing match,12196071
DKROR,Aalborg Portland Cementfabrikk,no explicit link,
DKARK,Aroskobing,conflicting or missing match,2625001
DKAGH,Agger Havn,no explicit link,
DKANB,Ans by,no explicit link,
DKASS,Asnas,conflicting or missing match,2624521
DKASV,Asnasvarkets Havn,no explicit link,
DKAVE,Avedorevarkets Havn,no explicit link,
DKBGO,Baago,conflicting or missing match,2624391
DKBRH,Branden Havn,no explicit link,
DKDAN,Cementfabriken Dania,no explicit link,
DKKON,Cementfabrikken Kongsdal Havn,no explicit link,
DKDAS,Dansk Salts Havn,no explicit link,
DKENH,Ebenhausen,no explicit link,
DKFAK,Fakse Ladeplads Havn,conflicting or missing match,2622369
DKFGS,Feggesund,no explicit link,
DKFNS,Fornas,conflicting or missing match,2621996
DKFDV,Frederiksvark,conflicting or missing match,2621910;12196386
DKGFH,Gulfhavn,no explicit link,
DKHBK,Holbak,conflicting or missing match,2620147
DKHON,Hornbak,conflicting or missing match,2619807
DKHOH,Hou Havn,conflicting or missing match,9845551
DKKIB,Kibak,conflicting or missing match,2618931
DKKRB,Kirkeby,no explicit link,
DKKRA,Kragenas,conflicting or missing match,2618322
DKKVR,Kvarndrup,conflicting or missing match,2618070
DKLYO,Lyngs Odde Havn,no explicit link,
DKMRB,Marbak Havn,no explicit link,
DKNUD,Nassund,no explicit link,
DKNDB,"Nordby Havn, Fano",no explicit link,
DKVSV,Norjyllandsvarkets havn,no explicit link,
DKORE,"Orehoved, Falster",no explicit link,
DKSLV,Salvig Havn,conflicting or missing match,9828954
DKKII,Saint Kilian,no explicit link,
DKSSK,Skalskor,conflicting or missing match,2613694
DKSDO,Skaro/Drejo,conflicting or missing match,2613862
DKSOB,Soby Havn,conflicting or missing match,2613196
DKSND,Sonder,conflicting or missing match,2613106
DKSPP,Sporup,no explicit link,
DKSVV,Stalvalsevarket,no explicit link,
DKSTT,Statoil-Havnen,no explicit link,
DKSTG,Stignasvarkets Havn,no explicit link,
DKSTN,Stigsnas,conflicting or missing match,3221881
DKSTB,Strib Havn,no explicit link,
DKSSV,Studstrupvarkets Havn,no explicit link,
DKTBA,Taarbak,conflicting or missing match,2611867
DKTRS,Tars,conflicting or missing match,9828957
DKTUB,Tuborg,no explicit link,
DKTNO,Tuno,conflicting or missing match,2611120
DKVNG,Vang Havn,no explicit link,
DKVEN,Veno Havn,no explicit link,
DKVES,"Vestero Havn, Laso",conflicting or missing match,2610394
DKVAS,Vigsnas,conflicting or missing match,2610275
DOOCO,Ocoa Bay,no explicit link,
DOPUO,Puerto Libertador,no explicit link,
DOHAI,Rio Haina,conflicting or missing match,3504831
DZQEH,'Ain El Hadjar,no explicit link,
DZAAE,Annaba (ex Bone),conflicting or missing match,2506999;2570559;9847474
DZBJA,Bejaia (ex Bougie),conflicting or missing match,6296361;9847477;11395598;11395599
DZBTA,Bethoula,no explicit link,
DZBMW,Bordj Badj Mokthar,conflicting or missing match,6296385
DZDJI,Jijel (ex Djidjelli),conflicting or missing match,11395656
DZQDZ,Saida,no explicit link,
DZSKI,Skikda (ex Philippeville),conflicting or missing match,6296372;9847500
DZTEE,Tbessa,conflicting or missing match,6296373
ECWSE,Santa Cecillia,no explicit link,
ECTEP,Tepre,no explicit link,
EGABS,Abu Simbel,conflicting or missing match,362041;6452622
EGEDK,El Dekheila,conflicting or missing match,361819
EGGEI,Geisum Terminal,no explicit link,
EGQGX,Gerga,no explicit link,
EGHAM,Hamrawein,conflicting or missing match,356156
EGMAH,Mersa El Hamra,conflicting or missing match,357888
EGPIB,Port Ibrahim,conflicting or missing match,414030
EGSKT,Sidi Kerir Terminal,conflicting or missing match,348359
EGSIN,South Sinai (Ganoub Sinai),no explicit link,
EGWAF,Wadi Feiran,no explicit link,
ESADA,Aldea,conflicting or missing match,3130521
ESADL,Aldea de los rios,no explicit link,
ESALG,Algeciras,conflicting or missing match,2522013;8436022;9796219
ESARL,Arrubal (La Rioja),conflicting or missing match,3129350
ESBNL,Baonoles,no explicit link,
ESBAV,Barco de Valdeorras,conflicting or missing match,3123658
ESNNN,Bunuiel,no explicit link,
ESBRJ,Burjasot,no explicit link,
ESCBS,Cala Sabina,no explicit link,
ESCND,Canada,conflicting or missing match,3105247
ESSVL,Cervello,conflicting or missing match,3109983
ESCRI,Cierbena,no explicit link,
ESCFR,Cofrentes,conflicting or missing match,2510520
ESCOL,Colmenar,conflicting or missing match,3124769
ESCZQ,Coria,conflicting or missing match,2519233
ESEUX,Esparraguera,conflicting or missing match,3122912
ESFJN,Fuentejalon,no explicit link,
ESGTS,Getares,conflicting or missing match,10342229
ESGJI,Granja de San Idelfonso,no explicit link,
ESGTA,Guantarajal,no explicit link,
ESHDA,Horta de Avinyo,conflicting or missing match,3109796
ESHDI,Hospitalet del Infant,conflicting or missing match,3120620
ESHUV,Huelva,conflicting or missing match,2516548;9845502;11886625
ESLJM,La Ametlla del Vall,no explicit link,
ESLES,La Estaca,conflicting or missing match,2512195
ESLMC,La Maruca,no explicit link,
ESMAT,La Matanza,no explicit link,
ESLAN,Lanciego,no explicit link,
ESRON,Lantaron,no explicit link,
ESLPL,La Palma,conflicting or missing match,2511180
ESTJI,La Tejita,no explicit link,
ESVAD,La Vall d'Uxo,no explicit link,
ESLSF,Les Franquesese,no explicit link,
ESLRL,Los Rodeos la Laguna,conflicting or missing match,2514483
ESMAM,Malgrat,conflicting or missing match,3117636
ESMLL,Mallorca,conflicting or missing match,2512989
ESMLP,Malpartida Plasencia,conflicting or missing match,2514225
ESMPG,"Marin, Pontevedra",conflicting or missing match,3117409;11979713
ESMDB,Massies de Voltrega,no explicit link,
ESMML,Montmell,conflicting or missing match,6361332
ESMSM,Mostoles-Madrid,conflicting or missing match,3116025
ESPAF,Pajara Fuerteventura,no explicit link,
ESPDQ,Palma Del Condado,conflicting or missing match,2515679
ESPUW,Paracuellos,conflicting or missing match,3114397
ESPEP,Parque Empresarial Pereiro de Aguiar,no explicit link,
ESPGI,Poligono Industrial,no explicit link,
ESFUE,Puerto del Rosario-Fuerteventura,conflicting or missing match,6297185
ESRDP,Renedo de Pielago,no explicit link,
ESROJ,Rojales,no explicit link,
ESROS,Rosas,conflicting or missing match,3118848
ESVEZ,Rossburgh,no explicit link,
ESSAT,Salinetas,no explicit link,
ESENR,San Enrique de Guadiaro,no explicit link,
ESSNB,San Esteban de Bas,no explicit link,
ESSEU,San Eugenio,no explicit link,
ESSID,San Isidro de Duenas,no explicit link,
ESSJN,San Juan de Nivea,no explicit link,
ESZLM,San Lucar La Mayor,no explicit link,
ESSND,Santa Andreu de la b,conflicting or missing match,3110876
ESSDR,Santander,conflicting or missing match,3109718;9253596;12196049
ESSPB,Santa Perpetua de Bogota,no explicit link,
ESSVQ,Sevilla,conflicting or missing match,2510911;11886626
ESTSX,Tarrasa,conflicting or missing match,3110101
ESTPQ,Torrepacheco,no explicit link,
ESTRA,Trapaga,conflicting or missing match,3110052
ESVCP,Valencia de la Concepcion,no explicit link,
ESVDU,Vall de Uxo,conflicting or missing match,2509927
ESCVJ,Victoria de Acentejo,no explicit link,
ESVSS,Vilasana,no explicit link,
ESVGQ,Villafranco Del Guadalqu,no explicit link,
ESDGS,Villandangos,no explicit link,
ESVVR,Vivares,no explicit link,
ETADD,Addis Ababa,conflicting or missing match,344979;6297257
ETWAC,Waca,conflicting or missing match,7730596
FIKIN,Grankulla (Kauniainen),conflicting or missing match,653559
FIKUS,Gustavs (Kustavi),conflicting or missing match,649998
FIHMY,Hameenlinna (Tavastehus),conflicting or missing match,659180
FIHKO,Hango (Hanko),conflicting or missing match,659101
FIHEL,Helsingfors (Helsinki),conflicting or missing match,658225;6956561;9828124
FIINK,Inga (Inkoo),conflicting or missing match,656652
FIJKA,Jokela,no explicit link,
FILHK,Luhtajoki,no explicit link,
FISPK,Salpakangas,no explicit link,
FISTR,Stromma,no explicit link,
FIUUS,Uusi-Valamo/Heinavesi,no explicit link,
FIVKO,Valko (Valkom),conflicting or missing match,632595
FJBXL,Blue Lagoon,no explicit link,
FJBVF,Bua,conflicting or missing match,2203651
FJCST,Castaway,conflicting or missing match,2199530
FKFBE,Fox Bay,conflicting or missing match,3831938
FMTKK,Chuuk (ex Truk),conflicting or missing match,2081114;4042202;4042205
FMFSI,Faisi,no explicit link,
FMKSA,Kosrae (ex Kusaie),conflicting or missing match,2081169;2081694
FMPNI,Pohnpei (ex Ponape),conflicting or missing match,2082097
FOFAE,Faroo Islands-Vagar Apt,conflicting or missing match,2610818
FOTOR,Torshavn,conflicting or missing match,9847694
FOVID,Vadair,no explicit link,
FRM3T,Montazeau,no explicit link,
GAKGB,Kongobouma,no explicit link,
GALBV,Libreville,conflicting or missing match,2399697;11876722
GALUC,Lucina,no explicit link,
GAMBY,M'bya Terminal,no explicit link,
GAKDN,Ndende,no explicit link,
GAPOG,Port Gentil,conflicting or missing match,2396518;11876771
GBATF,Athelstaneford,no explicit link,
GBBDX,Baldirton,no explicit link,
GBBAW,Baltic Wharf,no explicit link,
GBBAO,Bascote,no explicit link,
GBBED,Bedfont,conflicting or missing match,2641725
GBVVE,Belgrave,no explicit link,
GBBNF,Benfield,no explicit link,
GBIGE,Billinge,no explicit link,
GBBNL,Binley,no explicit link,
GBITA,Binstead,no explicit link,
GBBBS,Blackbush,conflicting or missing match,7668210
GBBLK,Blackpool,conflicting or missing match,6296605
GBBDC,Bordon Camp,no explicit link,
GBBBB,Breaston,no explicit link,
GBOOR,Buntingford,no explicit link,
GBBGR,Burnham Green,no explicit link,
GBBWR,Burrow,no explicit link,
GBBEM,Burslem,no explicit link,
GBCDE,Chadwell Saint Mary,no explicit link,
GBCSG,Chalfont Saint Giles,conflicting or missing match,2653394
GBCHN,Charlton,conflicting or missing match,2653324
GBCEH,Cheadle Heath,no explicit link,
GBCME,Cheam,no explicit link,
GBCER,Chesterton,no explicit link,
GBCPT,Clipstone,no explicit link,
GBCKX,Clydebank/Exeter,no explicit link,
GBCYP,Clydeport,no explicit link,
GBCGT,Covent Garden,no explicit link,
GBCYL,Crays Hill,no explicit link,
GBDNQ,Dean Quarry,no explicit link,
GBDSL,Disley,no explicit link,
GBDNO,Donaghcloney,no explicit link,
GBDNG,Donnington,no explicit link,
GBDNT,Doonfoot,no explicit link,
GBDUT,Drumintee,no explicit link,
GBEMA,East Midlands Apt,conflicting or missing match,6296613
GBESC,Eaton Socon,no explicit link,
GBECH,Eccleshall,no explicit link,
GBLEW,Edgeware,no explicit link,
GBELV,Elvington,no explicit link,
GBEMB,Emberton,no explicit link,
GBEVY,Eversley,no explicit link,
GBEXN,Exning,no explicit link,
GBFFH,Felinfach,no explicit link,
GBFCL,Finchley,no explicit link,
GBFSE,Fossebridge,no explicit link,
GBDFN,Foston,conflicting or missing match,7298174
GBFOS,Foston,no explicit link,
GBFRE,Fowlmere,no explicit link,
GBNFR,Friden,no explicit link,
GBFRL,Fritchley,no explicit link,
GBFLF,Fulford,no explicit link,
GBGAW,Gaerwen,no explicit link,
GBGFO,Goff's Oak,no explicit link,
GBWWL,Gowdall,no explicit link,
GBGYS,Grays,no explicit link,
GBGDF,Great Driffield,no explicit link,
GBGYD,Great Yeldham,no explicit link,
GBGFD,Greenfield,no explicit link,
GBHFR,Halliford,no explicit link,
GBHLG,Halling,no explicit link,
GBHBR,Hambridge,conflicting or missing match,7297752
GBHNL,Hanley,no explicit link,
GBAEW,Hanwell,no explicit link,
GBHAR,Hardley,no explicit link,
GBHHF,Heathfield,conflicting or missing match,3345367
GBHEI,Heighington,no explicit link,
GBHNO,Henton,no explicit link,
GBHOK,Hook,no explicit link,
GBHOX,Hooton,no explicit link,
GBHWG,Hounslow Green,no explicit link,
GBHMR,Humber,conflicting or missing match,2656240
GBKEL,Kells,no explicit link,
GBKST,Keston,no explicit link,
GBKRA,Kilkardy,no explicit link,
GBKKH,Kirkheaton,no explicit link,
GBKPT,Knapton,conflicting or missing match,10104782
GBLWO,Lambourn Woodlands,no explicit link,
GBLDD,Liddington,no explicit link,
GBLTL,Littlebrook,no explicit link,
GBLHH,Little Heath,no explicit link,
GBLDO,Llandudno,no explicit link,
GBLGY,Loch Gelly,no explicit link,
GBLCD,Loch Torridon,no explicit link,
GBLOZ,Lode,no explicit link,
GBLDY,Londonderry,conflicting or missing match,2643736;11886737
GBLGN,Loughton,no explicit link,
GBLXW,Lower Stondon,no explicit link,
GBLWM,Low Moor,no explicit link,
GBURL,Lurgan,no explicit link,
GBLUT,Luton,conflicting or missing match,6296589
GBLMM,Lymm,no explicit link,
GBLNE,Lyne,no explicit link,
GBLYA,Lytham Saint Annes,conflicting or missing match,6693470
GBMGH,Maghera,no explicit link,
GBMDP,Market Deeping,no explicit link,
GBMHT,Martlesham Heath,no explicit link,
GBMTG,Matching Green,no explicit link,
GBMEB,Menai Bridge,no explicit link,
GBMDD,Middlefield Law,no explicit link,
GBRGN,Mid Glamorgan,no explicit link,
GBMSM,Midsomer Norton,no explicit link,
GBMTZ,Mortlake,no explicit link,
GBMOE,Moulsoe,no explicit link,
GBNEH,Neap House,no explicit link,
GBNTP,Nether Poppleton,no explicit link,
GBNDS,New Duston,no explicit link,
GBNPT,Newport,conflicting or missing match,2641598;11886636
GBNWO,Newton,conflicting or missing match,7294405
GBOKM,Oakham,conflicting or missing match,6301526
GBOAK,Oakhamness,no explicit link,
GBOBM,Ogbourne Maizey,no explicit link,
GBONH,Ongar Hill,no explicit link,
GBPST,Parkeston Quay,no explicit link,
GBPRH,Portland Harbour,no explicit link,
GBPPE,Port Penrhyn,no explicit link,
GBPTR,Portrush,no explicit link,
GBOYL,Poyle,no explicit link,
GBPYE,Poyle,no explicit link,
GBPIT,Prittlewell,no explicit link,
GBPFT,Purfleet,conflicting or missing match,2639845
GBRAV,Ravensthorpe Dewsbury,no explicit link,
GBRDB,Redbourn,no explicit link,
GBRPH,Reepham,no explicit link,
GBRID,Ridham Dock,no explicit link,
GBDND,Riverside Park Apt/Dundee,conflicting or missing match,6296632
GBRCS,Rochester,conflicting or missing match,7668212
GBRSS,Ross,no explicit link,
GBXAS,Saxby-All-Sts,no explicit link,
GBSYC,Sayers Common,conflicting or missing match,7292759
GBSCS,Scatsta,conflicting or missing match,6296631
GBSHS,Sheerness,conflicting or missing match,2638081;12196032
GBSHF,Shefford,no explicit link,
GBSYN,Shoeburyness,no explicit link,
GBSOU,Southampton,conflicting or missing match,6296592;9253608
GBSHD,South Darenth,conflicting or missing match,7295310
GBSND,Southend,conflicting or missing match,11153458
GBSEN,Southend Municipal Apt,conflicting or missing match,6296601
GBSWO,South Weston,no explicit link,
GBSPE,Spellbrook,no explicit link,
GBSTN,Stansted Apt/London,conflicting or missing match,6296645
GBSCY,Stirchley,no explicit link,
GBSAK,Stocklake,no explicit link,
GBSFL,Stotfold,no explicit link,
GBSML,Stramshall,no explicit link,
GBSBT,Stubbington,no explicit link,
GBSBO,Sutton Bonnington,no explicit link,
GBWOB,Suttonheath,no explicit link,
GBSWK,Swanwick,conflicting or missing match,9430896
GBTEZ,Talbot Green,no explicit link,
GBTHS,Thames Haven,no explicit link,
GBTHP,Thamesport,conflicting or missing match,11549513
GBTHN,Thornton,conflicting or missing match,8299615
GBTKG,Throcking,no explicit link,
GBTPP,Thrupp,conflicting or missing match,7293609
GBTIL,Tilbury,conflicting or missing match,2635835;2635836;12196031
GBTSW,Tilsworth,no explicit link,
GBTDN,Toddington,no explicit link,
GBTWD,Trawden,conflicting or missing match,7299070
GBTNL,Tunstall,no explicit link,
GBTLG,Tylers Green,no explicit link,
GBUPD,Upper Dicker,no explicit link,
GBVGI,Varg field,no explicit link,
GBVOB,Vobster,no explicit link,
GBWDD,Waddington,conflicting or missing match,6296675
GBWLA,Wallasea,conflicting or missing match,2634874
GBWRL,Warton,no explicit link,
GBWAW,Warwick,conflicting or missing match,2634724
GBFUC,Waterfoot,no explicit link,
GBWFO,Westcliffe on Sea,no explicit link,
GBWCU,Whitchurch,no explicit link,
GBWHB,Whitebooth Roads,no explicit link,
GBWHT,Whitton,conflicting or missing match,7296772
GBWGS,Wigston,conflicting or missing match,2633936
GBMBN,Wimeborne,no explicit link,
GBWEH,Winchmore Hill,no explicit link,
GBWDM,Windermere,conflicting or missing match,2655049
GBWBN,Woburn,no explicit link,
GBWOS,Woburn Sands,no explicit link,
GBWUF,Wolvey,no explicit link,
GBWUG,Wooburn Green,no explicit link,
GBWOH,Woodford Halse,no explicit link,
GBWDA,Woodhall,no explicit link,
GBYLL,Yelland,no explicit link,
GBYKE,Yoker,no explicit link,
GBYRK,York,conflicting or missing match,2641211
GDGND,Grenada,conflicting or missing match,3579925
GDHIL,"Hillsborough, Carriacou Is",no explicit link,
GEBUS,Batumi,conflicting or missing match,615532;11361338
GEPTI,Poti,conflicting or missing match,612366;858001
GHAUR,Aura,no explicit link,
GLJEG,Aasiaat (Egedesminde),conflicting or missing match,3424901
GLDAN,Daneborg,no explicit link,
GLOBY,Illorqortoormiut (Scoresbysund),conflicting or missing match,6301404
GLJAV,Ilulissat (Jakobshavn),conflicting or missing match,3423146
GLFHN,Kangerdluarssoruseg (Faringehavn,conflicting or missing match,3422635
GLSFJ,Kangerlussuaq (Sondre Stromfjord,conflicting or missing match,3419714
GLJGR,Kangilinguit (Gronnedal),conflicting or missing match,3423634
GLJSU,Maniitsoq (Sukkertoppen),conflicting or missing match,3421982
GLMRG,Mesters Vig,no explicit link,
GLCNP,Neerlerit Inaat,conflicting or missing match,6295691
GLJFR,Paamiut (Fredrikshaab),conflicting or missing match,3421193;6295695
GLJJU,Qaqortoq (Julianehaab),conflicting or missing match,3420846;6295699
GLJCH,Qasigiannguit (Christianshaab),conflicting or missing match,3420768
GLJGO,Qeqertarsuaq (Godhavn),conflicting or missing match,3420635
GLJHS,Sisimiut (Holsteinsborg),conflicting or missing match,3419842
GNSBY,Moresby,no explicit link,
GQBUL,Butuku-Luba,no explicit link,
GRARG,Argos (Argolis),conflicting or missing match,264670
GRAGY,Argyroupoli,no explicit link,
GREPS,Eginio Pierias,no explicit link,
GRHRI,Halandri,conflicting or missing match,8133842
GRMHO,Marathonas,no explicit link,
GRPPK,Papadianika/Asopos,no explicit link,
GRPKE,Poros Kefallinias,conflicting or missing match,254864
GRPTR,Poros Trizinias,no explicit link,
GRPVK,Preveza/Lefkas,conflicting or missing match,254698;6299504
GRSOR,Soupri,no explicit link,
GRSAP,Stavros Agias Paraskevis,conflicting or missing match,8986655
GRSHA,Stavros Halkidikis,no explicit link,
GRSUD,Suda Bay,no explicit link,
GRJSY,Syra (Syros),conflicting or missing match,264839
GRTKO,Thessi Kyrillo,no explicit link,
GRTAL,Trachia Argolidas,no explicit link,
GRTFP,Trachia Fafplio,no explicit link,
GRYLI,Yali Island,no explicit link,
GSLEH,Leith Harbour,no explicit link,
GTSNJ,San Jose,conflicting or missing match,3589977
GTTUC,Tecun Uman,conflicting or missing match,3588466
GUAPR,Apra (Agana),conflicting or missing match,4043833
GUDED,Dededo,conflicting or missing match,4043909
GUGUM,Guam,conflicting or missing match,4043547
GYBCG,Bemichi,conflicting or missing match,7730848
GYKAI,Kaieteur,conflicting or missing match,7730145
GYKKG,Konawaruk,conflicting or missing match,3377799
GYLUB,Lumid Pau,conflicting or missing match,7731243
GYVEG,Maikwak,conflicting or missing match,3377252
HKTOL,Tolo Harbour,no explicit link,
HKYUE,Yuen Long,conflicting or missing match,1818223
HNENQ,Coronel E Soto Cano Ab,conflicting or missing match,6299819
HNHNN,Henecan,no explicit link,
HRXXX,RIS Inland waterways,no explicit link,
HUALG,Algyo,conflicting or missing match,715429
HUZAR,Aszar,no explicit link,
HUHRY,Hater,no explicit link,
HUCSK,Kaszok,no explicit link,
HURJB,Rajkabrany,no explicit link,
HUXXX,RIS Inland waterways,no explicit link,
HUSPG,Sopron Gysev,no explicit link,
IDADB,Adang Bay,no explicit link,
IDAMA,"Amamapare, Ij",conflicting or missing match,11524818
IDAMQ,"Ambon, Molucas",conflicting or missing match,1651531;6301203
IDAMP,"Ampenan, Bali",conflicting or missing match,8534688
IDAJN,"Arjuna, Java",conflicting or missing match,1651221
IDARB,Aroe Bay,no explicit link,
IDAUN,Arun,conflicting or missing match,6703731
IDNAF,Banaina,conflicting or missing match,7731322
IDBDO,"Bandung, Java",conflicting or missing match,1650357
IDBJU,"Banjuwangi, Java",conflicting or missing match,1650077;8531789
IDBTH,Batam (ex Batu Besar),conflicting or missing match,6295587;6301230
IDBAK,Batu Kilat,no explicit link,
IDBUW,"Baubau, Butung",conflicting or missing match,1649542
IDBEK,Bekapai Terminal,no explicit link,
IDBLW,"Belawan, Sumatra",conflicting or missing match,1215412;11886674
IDBLV,Beliling,conflicting or missing match,1649300
IDBKS,"Bengkulu, Sumatra",conflicting or missing match,1649150;6301246
IDBEJ,Berau,conflicting or missing match,1649040
IDBIK,"Biak, Irian Jaya",conflicting or missing match,1648844;6301180
IDBMU,"Bima, Sb",conflicting or missing match,6301280
IDBMT,"Bima Terminal, Jv",no explicit link,
IDBIT,"Bitung, Sulawesi",conflicting or missing match,1648637
IDBLL,"Blang Lancang, St",conflicting or missing match,6728206
IDBLI,"Blinju, Banka",no explicit link,
IDBNG,Bonggala,no explicit link,
IDBXT,"Bontang, Kl",conflicting or missing match,1648186;7730897
IDBUG,"Buleleng, Bali",conflicting or missing match,8051286
IDCSA,Cape Sago,no explicit link,
IDCEB,"Celukan Bawang, Bl",conflicting or missing match,12196121
IDDIV,Diviematra,no explicit link,
IDDJA,Djankar,conflicting or missing match,1647935
IDDUM,"Dumai, Sumatra",conflicting or missing match,7668672;11886631
IDENE,"Ende, Flores",conflicting or missing match,1644932;7338057
IDEWE,Ewer,conflicting or missing match,7731017
IDFKQ,"Fak Fak, Irian Jaya",conflicting or missing match,1644833;6301205
IDGLX,"Galela, Halmahera",conflicting or missing match,6301190
IDGIL,"Gilimanuk, Bali",conflicting or missing match,1644079;7545225
IDGTO,"Gorontalo, Sulawesi",conflicting or missing match,1643837;6301191
IDGNS,"Gunung Sitoli, St",conflicting or missing match,6301235
IDILA,Illaga,conflicting or missing match,7731113
IDDJB,"Jambi, Sumatra",conflicting or missing match,1642858;6301244
IDKAH,Kahayan Bay,no explicit link,
IDKNG,"Kaimana, Irian Jaya",conflicting or missing match,6301206
IDKAM,"Kambunong, Celebes",conflicting or missing match,1641744
IDKAR,"Karosa, Sulawesi",conflicting or missing match,1641066
IDKAS,"Kasim, Ij",no explicit link,
IDKEA,Keisah,no explicit link,
IDKEM,"Kempo, Sb",no explicit link,
IDKDI,"Kendari, Sulawesi",conflicting or missing match,1640344;6301179
IDKTG,"Ketapang, Kl",conflicting or missing match,1640135;6301240
IDKID,"Kidjang, Bintan",no explicit link,
IDKMM,Kimam,conflicting or missing match,8298791
IDKOX,Kokonao,conflicting or missing match,6301182
IDKCI,Kon,conflicting or missing match,1639636
IDKKA,"Kuala Kapuas, Kl",no explicit link,
IDKKB,"Kunak, Borneo",no explicit link,
IDKOE,"Kupang, Timor",conflicting or missing match,2057087;6301268
IDLAT,"Lalang Terminal, St",no explicit link,
IDLAS,"Langsa, Sumatra",no explicit link,
IDLLA,"Lawe-Lawe, Kl",no explicit link,
IDLIF,Lifamatola,conflicting or missing match,1637755
IDMAJ,"Majene, Sv",no explicit link,
IDMPT,Maliana,no explicit link,
IDMLI,"Malili, Sulawesi",conflicting or missing match,1636663
IDMKW,"Manokwari, Irian Jaya",conflicting or missing match,1636308;6301207
IDMNT,"Mantang, Riau",conflicting or missing match,1903652
IDMSI,Masalembo,conflicting or missing match,1635987
IDMOF,"Maumere, Flores",conflicting or missing match,1635815;7429894
IDMES,"Medan, Sumatra",conflicting or missing match,1214520
IDMRK,"Merak, Java",conflicting or missing match,1960384
IDMRB,"Merantibunting, Sumatra",no explicit link,
IDMKQ,"Merauke, Irian Jaya",conflicting or missing match,2082539;6301188
IDMEQ,"Meulaboh, Sumatra",conflicting or missing match,6301249
IDONI,Moanamani,conflicting or missing match,7731368
IDOZI,Morotai I,no explicit link,
IDMUB,Muara Berau,conflicting or missing match,1634911
IDMPN,Muara Pantai,no explicit link,
IDMUP,Muara Pegah,no explicit link,
IDMPC,Muko-Muko,conflicting or missing match,6705689
IDMUO,"Muntok, Banka",conflicting or missing match,1634678
IDMRI,"Musi River, Sumatra",no explicit link,
IDNAH,Naha,conflicting or missing match,6923934
IDNTX,Natuna Ranai,conflicting or missing match,6301241
IDOBI,Obi Island,conflicting or missing match,1633695
IDOKQ,"Okaba, Irian Jaya",conflicting or missing match,7731364
IDOJA,Olah Jasa Andal/Jakarta,no explicit link,
IDOLO,Olee Lheue,no explicit link,
IDPAG,"Pagatan, Kalimantan",conflicting or missing match,1633303
IDPLM,"Palembang, Sumatra",conflicting or missing match,1633070;11876762
IDPNN,"Pamanukan, Java",conflicting or missing match,1632998
IDPRN,"Panarukan, Java",conflicting or missing match,1632903
IDPJM,Pandjung Mani,no explicit link,
IDPKR,"Pangkalan Brandan, Sumatra",conflicting or missing match,1214302
IDPKS,"Pangkalan Susu, Sumatra",conflicting or missing match,1214297
IDPGX,"Pangkal Balam, Banka",no explicit link,
IDPGK,"Pangkalpinang, Banka",conflicting or missing match,1632654
IDPJG,"Panjang (Lampung, Sumatra)",conflicting or missing match,1632602
IDPTL,"Pantoloan, Sv",no explicit link,
IDPEX,"Pekalongan, Java",conflicting or missing match,1631766
IDPKU,"Pekanbaru, Sumatra",conflicting or missing match,1631761;6301221
IDPCB,Pondok Cabe,conflicting or missing match,7668675
IDPNK,"Pontianak, Kalimantan",conflicting or missing match,1630789;6301242
IDPMG,Port Meneng,no explicit link,
IDSGO,Port Segoro Fajar Satryo/Jakarta,no explicit link,
IDPSJ,"Poso, Sulawesi",conflicting or missing match,6301196;6923369
IDPRO,"Probolinggo, Java",conflicting or missing match,1630634
IDPNT,"Prointal, Jv",no explicit link,
IDPSS,"Pulau Sambu, Riau",conflicting or missing match,1628936
IDRGT,"Rengat, Sumatra",conflicting or missing match,6301248
IDRTG,"Ruteng, Flores",conflicting or missing match,7059063
IDSBG,"Sabang, Sumatra",conflicting or missing match,1214026
IDSAD,"Sadau, Borneo",no explicit link,
IDSRI,"Samarinda, Kalimantan",conflicting or missing match,1629001;7522160;11749267
IDSBS,"Sambas, Kalimantan",conflicting or missing match,1628979
IDSMQ,"Sampit, Kalimantan",conflicting or missing match,1628884;7731499
IDSAN,"Sanang, Celebes",no explicit link,
IDSGQ,Sanggata,conflicting or missing match,7731490
IDSKI,"Sangkulirang, Kalimantan",conflicting or missing match,1628757
IDSAT,"Santan Terminal, Kl",no explicit link,
IDSAS,Sasayap,no explicit link,
IDSEB,"Sebangan Bay, Kalimantan",no explicit link,
IDSPA,"Selat Pandjang, Sumatra",no explicit link,
IDSMB,"Semangka Bay, St",no explicit link,
IDSEH,Senggeh,conflicting or missing match,7731485
IDZEG,Senggo,conflicting or missing match,7731651
IDSPH,Senipah Terminal,no explicit link,
IDZRI,"Serui, Irian Jaya",conflicting or missing match,1627453;11611182
IDSIA,"Siak Yechil, Riau",no explicit link,
IDSLG,"Sibolga, Sumatra",conflicting or missing match,1213855
IDSKW,"Singkawang, Kalimantan",conflicting or missing match,1626916
IDSIQ,Singkep Isl Apt,conflicting or missing match,6301234
IDRKO,Sipora,conflicting or missing match,8464151
IDCGK,Soekarno-Hatta Apt/Jakarta,conflicting or missing match,6301878
IDSKK,Soengei Kolak,no explicit link,
IDSOC,Solo City,conflicting or missing match,6301286
IDSQR,Soroako,conflicting or missing match,1628586
IDSUP,"Sumenep, Madura",conflicting or missing match,7731517
IDSUG,"Sungai Gerong, Sumatra",conflicting or missing match,1625989
IDSUQ,"Sungai Guntung, Sumatra",no explicit link,
IDSEQ,"Sungai Pakning, Sumatra",conflicting or missing match,1625934;7731486
IDSUS,"Susoh, Sumatra",conflicting or missing match,1213612;11951799
IDSSO,Susu,conflicting or missing match,1214297
IDTAX,"Taliabu Island Apt, Moluccas",conflicting or missing match,8260902
IDTNB,Tanah Grogot,conflicting or missing match,7731555
IDTAL,Tanah Laut,conflicting or missing match,1625166
IDTMH,"Tanahmerah, Kalimantan",conflicting or missing match,2082430;6301189
IDPDJ,Tandjang,no explicit link,
IDTBT,"Tandjung Batu, Riau",no explicit link,
IDTSE,"Tanjung Sekong, Jv",conflicting or missing match,11886733
IDTJG,Tanjung Warukin,conflicting or missing match,7730232
IDTPK,"Tapaktuan, Sumatra",conflicting or missing match,7731559
IDTRK,"Tarakan, Kalimantan",conflicting or missing match,1624725
IDTEG,"Tegal, Java",conflicting or missing match,1624494
IDTKA,"Telok Ayer, Kalimantan",no explicit link,
IDTBG,"Teluk Betung, Sumatra",no explicit link,
IDTTE,"Ternate, Halmahera",conflicting or missing match,1624039;6301197
IDTLI,Tolitoli,conflicting or missing match,1638697
IDTBN,"Tuban, Jv",conflicting or missing match,1623179
IDTBM,Tumbang Samba,conflicting or missing match,7731534
IDUPG,"Ujung Pandang, Sulawesi",conflicting or missing match,6301177
IDWET,Wagethe,conflicting or missing match,7731616
IDWON,Wonosari,no explicit link,
IDRUF,Yuruf,conflicting or missing match,7731474
IDUGU,Zugapa,conflicting or missing match,7730319
IEALQ,Alexandra Quay,no explicit link,
IEARO,Alexandra Road Oil,no explicit link,
IEARH,Arklow Head (Ie009),no explicit link,
IEBAL,Baldonnel,conflicting or missing match,6296699
IEBIF,B & I Ferryport,no explicit link,
IEBIT,B & I Terminal,no explicit link,
IEEBF,Broadford,no explicit link,
IETLK,Castlenock,no explicit link,
IECCT,Coastal Control Terminal,no explicit link,
IECLH,Coolshannagh,no explicit link,
IEDPP,Drogheda Premiere Periclase,no explicit link,
IEFOV,Foynes,conflicting or missing match,2964225;11876556
IEFCW,Frank Cassin Wharf,no explicit link,
IEHAU,Haulbowline,conflicting or missing match,2963800
IEHOL,Holywood,no explicit link,
IEIRD,Irish Rail Freight Depot,no explicit link,
IEJMT,Jamestown,no explicit link,
IEKIR,Kerry County,conflicting or missing match,2963517
IEKIK,"Kill, Kildare",conflicting or missing match,3314724
IEKKA,Kilmokea,no explicit link,
IEKSL,Kinsealy,no explicit link,
IELAR,Lurganm Armagh,no explicit link,
IEMOT,Moneypoint,no explicit link,
IEMLL,Mulligan,no explicit link,
IEPAT,Pandoro Terminal,no explicit link,
IEPAP,Parnell Place,no explicit link,
IERVM,River Moy,no explicit link,
IESXL,Sligo Apt,conflicting or missing match,7668221
IEWIL,Wilton,no explicit link,
ILADM,Adam,conflicting or missing match,295761
ILALN,Alenbi,no explicit link,
ILSHI,Beit Hashita,no explicit link,
ILBRN,Bitanit,no explicit link,
ILETH,Elat (Eilath),conflicting or missing match,295277;6299658
ILJOR,Jordan,conflicting or missing match,293004
ILKNT,Konetra,no explicit link,
ILMTL,Matula,no explicit link,
ILNZN,Nizana,conflicting or missing match,294015
ILRFH,Rafiach,no explicit link,
ILSED,Sedom,conflicting or missing match,250711
ILTAB,Taba Border Crossing,no explicit link,
INALA,Alang SBY,conflicting or missing match,12196119
INAMI,Andorth Is,no explicit link,
INADI,Androth Is,no explicit link,
INANG,Anijengo,no explicit link,
INATT,Attari,no explicit link,
INBBP,Bahabal Pur,no explicit link,
INBND,Banddar,conflicting or missing match,11524809
INBSN,Bassain,no explicit link,
INBYT,Beyt,conflicting or missing match,1276402
INBTR,Bitra Is,no explicit link,
INBRM,Borliai-Mandla,no explicit link,
INBRY,Borya,no explicit link,
INCAR,Carijam,no explicit link,
INCTI,Chetlat Is,no explicit link,
INCHI,Chikaballur,no explicit link,
INCOL,Colochel,conflicting or missing match,1266322
INCOO,Coondapur (Ganguly),no explicit link,
INCRN,Cornwallis,no explicit link,
INDHP,Dabhol Port,conflicting or missing match,1273765
INDTW,Dantiwara,no explicit link,
INDEG,Deogad,no explicit link,
INDSK,Dhanu-shkodi,no explicit link,
INDMT,Dharamtar,conflicting or missing match,1272877
INDIU,Diu,conflicting or missing match,1272502;7668568
INDIV,Div,no explicit link,
INDRK,Dwarka (Rupen),no explicit link,
INESH,Elphinstone Harbour,no explicit link,
INGAU,Gauhati (Panidi),conflicting or missing match,1271477
INGED,Gede,no explicit link,
INGOI,Goa,conflicting or missing match,1271146
INGUM,Gummidipoondi,conflicting or missing match,1270718
INHAL,Haldia,conflicting or missing match,1270506;1344377
INHLD,Haldibari,no explicit link,
INHIP,Himachal Pradesh,no explicit link,
INJGD,Jaigad,no explicit link,
INKKU,Jaipur-Kanakpura,conflicting or missing match,7001571
INNSA,Jawaharlal Nehru (Nhava Sheva),conflicting or missing match,11524262
INBGK,Jodhpur-Bhagat Ki Kothi,no explicit link,
INTHA,Jodhpur-Thar,conflicting or missing match,1268865
INJDA,Jodia,no explicit link,
INKDI,Kadmat Is,no explicit link,
INKND,Kankudy,no explicit link,
INKSG,Kasargod,conflicting or missing match,8347665
INKVT,Kavaram Is,no explicit link,
INKIW,Kelwa,no explicit link,
INKTI,Kiltan Is,no explicit link,
INKRP,Kiranpani,no explicit link,
INKTW,Koheshwar,no explicit link,
INKOK,Koka,no explicit link,
INKLR,Kolar,no explicit link,
INKON,Konarak,no explicit link,
INKDP,Kondiapetnam,no explicit link,
INKTD,Kotda,conflicting or missing match,1266017
INKSP,Kulasekarapanam,no explicit link,
INKMB,Kumbharu,no explicit link,
INLAK,Lalakua,no explicit link,
INLPR,Leapuram,no explicit link,
INIXI,Lilabari,conflicting or missing match,6301076
INMHN,Mahisasan,no explicit link,
INMLP,Mallipuram,no explicit link,
INMNU,Manu,no explicit link,
INMDW,Meadows,no explicit link,
INMTW,Metwad,no explicit link,
INMCI,Minicoi I,no explicit link,
INMUB,MUB,no explicit link,
INNAN,Nancowrie,no explicit link,
INNVB,Navabunder,no explicit link,
INNVP,Navaspur,no explicit link,
INNWP,Newapur,no explicit link,
INNVT,Nivti,no explicit link,
INONJ,Onjal,no explicit link,
INPAN,Panaji Port,no explicit link,
INPNM,"Panambur, Va Mangalore",no explicit link,
INPPJ,Pellet Plant Jetty/Shiroda,no explicit link,
INPIN,Pindhara,conflicting or missing match,6417392
INPID,Port Indai,no explicit link,
INPRN,Portonovo,no explicit link,
INRKG,Rajakkamangalam,no explicit link,
INRJP,Rajpara/Navabunder,no explicit link,
INRAM,Rameshwaram,no explicit link,
INRGT,Ranghat Bay,no explicit link,
INRNR,Ranpar,no explicit link,
INRAY,Rayapalayam,no explicit link,
INRED,Redi,no explicit link,
INSLT,Salt Lake,conflicting or missing match,1257591
INSAD,Sanathnagar,no explicit link,
INSAR,Sardar,no explicit link,
INSWD,Shriwardhan,no explicit link,
INSIM,Sima/Navabunder,no explicit link,
INSHP,Simbhour Port,no explicit link,
INSMR,Simor,no explicit link,
INSBH,Sinbhour,no explicit link,
INSNG,Singhabad,no explicit link,
INSPR,Sirpur,no explicit link,
INSRV,Surasani-Yanam,no explicit link,
INTPH,Thopputhurai,no explicit link,
INTYR,Tirukkadayyur,no explicit link,
INTIV,Tiviri,no explicit link,
INULW,Ulwa,no explicit link,
INUMB,Umbergoan,conflicting or missing match,1253869
INVSI,Vansi-Borsi,no explicit link,
INVRD,Varavda,no explicit link,
INVSV,Varsova,no explicit link,
INVNG,Vemgira,no explicit link,
INVEP,Veppalodai,no explicit link,
INNGS,Village Namaya Shipkila,no explicit link,
INWGC,Warrangal,conflicting or missing match,7668638
IQALF,Abu Al Fulus,conflicting or missing match,389880
IQIKD,Iskandariyha,conflicting or missing match,99226
IQKHA,Khor Al Amaya,no explicit link,
IQNAS,Najat,no explicit link,
IRADU,Ardabil,conflicting or missing match,143083;6300077
IRBAH,Bandar Assaluyeh,no explicit link,
IRBSR,Bandar Shahid Rajaee,no explicit link,
IRGSM,Gheshm,conflicting or missing match,6649407
IRIQH,Islam Qal'eh,no explicit link,
IRKHK,Khark Island,conflicting or missing match,127757
IRKHO,Khorramshahr,conflicting or missing match,127319;11886642
IRLRR,Lar,conflicting or missing match,139873
IRLIN,Lingah,no explicit link,
IRWPS,Persepolis,no explicit link,
IRACZ,Zabol,conflicting or missing match,1113217;6300083
ISAEY,Akureyri Apt,conflicting or missing match,6295706
ISBIU,Bildudalur Apt,conflicting or missing match,7668100
ISBIL,Bildudalur - hofn,conflicting or missing match,3418226
ISBGJ,Borgarfjordur eystri,conflicting or missing match,3228381
ISDPV,Djupavik,no explicit link,
ISEFJ,Eskifjordur Apt,conflicting or missing match,2632028
ISFAS,Faskrudsfjordur,conflicting or missing match,2632418
ISFLI,Flateyri Apt,conflicting or missing match,8643512
ISGRT,Grundartangi,conflicting or missing match,3425374;11886752
ISGUF,Gufunes/Reykjavik,no explicit link,
ISHUS,Husavik - hofn,conflicting or missing match,11549836
ISISA,Isafjordur - hofn,conflicting or missing match,3415667;11549853
ISKEV,Keflavikurkaupstadur,no explicit link,
ISKOP,Kopasker - hofn,conflicting or missing match,2629105;7730433
ISKRO,Krokfjardarnes,no explicit link,
ISMJO,Mjofjordur,no explicit link,
ISNOU,Nordurfjordur,no explicit link,
ISPAT,Patreksfjordur - hofn,conflicting or missing match,3412173
ISRIF,Rif-Hellisandur,conflicting or missing match,8298735
ISSAU,Saudarkrokur - hofn,conflicting or missing match,2627309;11549865
ISSFS,Selfoss - Apt,conflicting or missing match,8555622
ISSIG,Siglufjordur - hofn,no explicit link,
ISKJF,Skerjafjordur,no explicit link,
ISSTD,Stodhvarfjordur,no explicit link,
ISSTR,Straumsvik,no explicit link,
ISSTY,Stykkisholmur - hofn,conflicting or missing match,3412888;6295713
ISSUD,Sudureyri/Sugandafjord,conflicting or missing match,11549871
ISTAL,Talknafjordur/Sveinseyri,no explicit link,
ISTHN,Tjorneshofn,no explicit link,
ITASM,Albisola Marina,conflicting or missing match,3183314
ITALI,Alicudi,conflicting or missing match,8955983
ITBAG,Bagno-Rubiera,no explicit link,
ITBAC,Baraccola,no explicit link,
ITBED,Bedizzole(Brescia),conflicting or missing match,6534215
ITBDF,Bianconese di Fontevivo,conflicting or missing match,3182071
ITIDQ,Bresseo di Teolo,no explicit link,
ITBZD,Bruzolo di Susa,no explicit link,
ITCDI,Calderari,conflicting or missing match,8950390
ITCZX,Cannizzaro,conflicting or missing match,8949240
ITCPF,Capodarco di Fermo,conflicting or missing match,3180694
ITCVA,Castellana,conflicting or missing match,3178595
ITCEO,Castello,conflicting or missing match,2525792
ITCGL,Castiglione,conflicting or missing match,3179415
ITCDP,Cecchini di Pasiano,conflicting or missing match,3179240
ITCEN,Cesara Novara,no explicit link,
ITCIA,Ciampino Apt/Roma,conflicting or missing match,6299616
ITCLT,Collalto,conflicting or missing match,3178445
ITCTT,Crocetta,conflicting or missing match,3177773
ITCGM,Crugola di Mornago,no explicit link,
ITDDO,Dogana do Ortonovo,no explicit link,
ITEBA,Elba,conflicting or missing match,3169347
ITEST,Este,conflicting or missing match,3165185
ITFAL,Falconara,conflicting or missing match,3177250
ITGII,Giannutri,conflicting or missing match,3176147
ITGOR,Gorgona,conflicting or missing match,3166997
ITLGO,Lancenigo,conflicting or missing match,3164090
ITLTA,Lastra,conflicting or missing match,3175074
ITLEU,Leumann,no explicit link,
ITLSA,Limite sull'Arno,no explicit link,
ITLIN,Linate Apt/Milano,conflicting or missing match,6299580
ITLKT,Lunata,no explicit link,
ITMGG,Maggiore,conflicting or missing match,3172979
ITMXP,Malpensa Apt/Milano,conflicting or missing match,3174133
ITMNC,Mandrio di Correggio,conflicting or missing match,8950127
ITMPP,Mappano,no explicit link,
ITMNG,Mignagola di Carbonera,conflicting or missing match,3218797
ITMLZ,Milazzo,conflicting or missing match,2524155;11876724
ITMBC,"Misterbianco, Catania",conflicting or missing match,2524123
ITMCV,Molinetto-Ciliverghe,no explicit link,
ITMNF,Monfalcone,conflicting or missing match,3173153;11886620
ITMRE,Montale Rangone,conflicting or missing match,3173090
ITOLO,Olona,conflicting or missing match,3172065
ITORI,Orio Litta (Milano),no explicit link,
ITODM,Ortona dei Marsi,no explicit link,
ITONN,Osmannoro,no explicit link,
ITOMM,Oste-Montemurlo,no explicit link,
ITPDA,Padova,conflicting or missing match,3171728;7778933
ITPLM,Palazzolo Milanese,no explicit link,
ITNIC,Pian di Macina,no explicit link,
ITPTV,Piano Tavola,conflicting or missing match,8949115
ITPLS,Polesine,conflicting or missing match,3182576
ITPZO,Ponzano Magra,conflicting or missing match,8950613
ITPDI,Porto d'Ischia,conflicting or missing match,3175453;9796798
ITPLI,Porto Lignano,no explicit link,
ITQTO,Quarto,conflicting or missing match,3169700
ITXXX,RIS Inland waterways,no explicit link,
ITRIV,Rivalta Scrivia,conflicting or missing match,3169261
ITROG,"Rogoredo, Milan",conflicting or missing match,3169088
ITRUS,Rovereto sulla Secchia,no explicit link,
ITSAL,Salerno,conflicting or missing match,3168673;3170096;11126903
ITSBC,Sambuca di Pesa,conflicting or missing match,6544009
ITSDT,San Donato,conflicting or missing match,3168414
ITSNT,San Nicolo a Trebbia,no explicit link,
ITSNP,San Pietro,conflicting or missing match,3167811
ITSAR,San Rocco,conflicting or missing match,8950617
ITSCR,Santa Croce,conflicting or missing match,2523362
ITSDR,Sarmeola di Rubano,conflicting or missing match,3167120
ITSDV,Seghe di Velo,conflicting or missing match,8950112
ITSEC,Settimello-Calenzano,no explicit link,
ITSBM,Solara di Bomporto,conflicting or missing match,8949278
ITSBT,Solbiate,conflicting or missing match,3166439
ITZPZ,Spezzano,conflicting or missing match,2523022
ITTML,Talamello,no explicit link,
ITTEV,Tavernelle Vicentina-Altavilla Vicentina,no explicit link,
ITTGR,Torregrande,conflicting or missing match,10339005
ITTRS,Trieste,conflicting or missing match,3220056;9796929
ITVAD,Vado/Bologna,conflicting or missing match,3164991
ITVDO,Vado/Lucca,no explicit link,
ITVDR,Verderio,conflicting or missing match,6535364
ITVRN,Verona,conflicting or missing match,6299601;6301784
ITVTM,Vertemate,conflicting or missing match,3164506
ITVCO,Vico,conflicting or missing match,3164407
ITVDC,Vighizzolo Di Cantu,conflicting or missing match,7669424
ITVIG,Vigliano,conflicting or missing match,3164368
ITVCA,Villanova Camposanpiero,no explicit link,
ITVSS,Villa Sesso,no explicit link,
ITZCO,Zocco,conflicting or missing match,3175808
ITZUG,Zugliano,conflicting or missing match,3165794
JOAMM,Amman,conflicting or missing match,250437;250441;393598
JPABS,Abohshita,no explicit link,
JPABO,Aboshi/Himeji,conflicting or missing match,1854359
JPABT,Abuto,conflicting or missing match,11549897
JPADE,Ade,no explicit link,
JPADO,Ado,no explicit link,
JPAGS,Ageshima,no explicit link,
JPAGR,Agonoura,no explicit link,
JPAKI,Aikakita,no explicit link,
JPAIW,"Aikawa, Nagasaki",no explicit link,
JPAIK,"Aikawa, Niigata",conflicting or missing match,1865684
JPAIA,Ainouraaoki/Naru,no explicit link,
JPAIN,Ainoura/Sasebo,conflicting or missing match,1848693
JPAII,Aio,no explicit link,
JPAIZ,"Aizu, Kumamoto",conflicting or missing match,1865643
JPAZR,"Ajiro, Okayama",conflicting or missing match,6417527
JPAJR,"Ajiro, Shizuoka",conflicting or missing match,1865620
JPAZJ,"Ajiro, Tottori",conflicting or missing match,1865619
JPAKM,Akamizu,conflicting or missing match,1865538
JPAKK,"Akasaki, Kumamoto",conflicting or missing match,1854998
JPASK,"Akasaki, Tottori",conflicting or missing match,1865512
JPAKO,Akoh,no explicit link,
JPAKB,Akohbaru,no explicit link,
JPAMM,"Ama, Hyogo",conflicting or missing match,1865387
JPASJ,Amamioshima,conflicting or missing match,6300360
JPAMS,Amasaki,no explicit link,
JPAAM,"Ama, Shimane",conflicting or missing match,1865390
JPAMY,Amiya,no explicit link,
JPAMU,Amura,conflicting or missing match,11267189
JPANB,Anbo,no explicit link,
JPAOE,Aoe,no explicit link,
JPAOG,Aogashima,conflicting or missing match,1865268
JPAOS,Aoshima,no explicit link,
JPARZ,Arouzu,no explicit link,
JPAST,Ashitoku,no explicit link,
JPASZ,"Ashiya, Fukuoka",conflicting or missing match,1864986
JPASR,Ashizuri,no explicit link,
JPATT,Atatajima,no explicit link,
JPATK,Atsuki,no explicit link,
JPAWA,Awa,conflicting or missing match,1864905
JPTBS,Awajikoryunotsubasa,no explicit link,
JPAWM,Awashimanishi,no explicit link,
JPAWZ,Awazu,no explicit link,
JPBPU,"Beppu, Oita",conflicting or missing match,1864750
JPBEP,"Beppu, Shimane",conflicting or missing match,1864751
JPBFS,Beppushinko,no explicit link,
JPBDM,Bohdomari,no explicit link,
JPBYO,Byobu,conflicting or missing match,1864659
JPCHK,Chikubushima,no explicit link,
JPCIO,Chio,no explicit link,
JPCTS,Chitose Apt/Sapporo,conflicting or missing match,6300322
JPCHT,"Chitose, Hiroshima",no explicit link,
JPCHF,Chofu,conflicting or missing match,1864516
JPDTU,Daito,no explicit link,
JPDSR,Dohshiro,no explicit link,
JPDZK,Dohzaki,no explicit link,
JPEIS,Eishi,no explicit link,
JPEJM,Ejima,no explicit link,
JPENN,En,conflicting or missing match,1860827
JPENH,Enohama,no explicit link,
JPENR,"Enoura, Kagawa",no explicit link,
JPENO,"Enoura, Shizuoka",conflicting or missing match,1864186
JPESI,Esashi/Hiyama,conflicting or missing match,2130365;12954100
JPESS,Esashi/Soya,conflicting or missing match,12954101
JPESM,Eshima,no explicit link,
JPETA,Etajima,conflicting or missing match,8740425
JPEZA,Ezaki,no explicit link,
JPFGS,Fugusaki,no explicit link,
JPFJN,Fujino,conflicting or missing match,1864103
JPFKH,"Fukae, Hiroshima",conflicting or missing match,1864074
JPFAE,"Fukae, Nagasaki",conflicting or missing match,1863997
JPFKI,Fukai,no explicit link,
JPFRI,Fukari,no explicit link,
JPFKK,"Fukaura, Aomori",conflicting or missing match,2038800
JPFKR,"Fukaura, Ehime",no explicit link,
JPFKE,"Fukue, Aichi",conflicting or missing match,1863996
JPFUJ,"Fukue, Nagasaki",conflicting or missing match,6300345
JPFRA,"Fukura, Hyogo",conflicting or missing match,1863953
JPFUU,"Fukura, Kagoshima",no explicit link,
JPFUO,Fukuro,no explicit link,
JPFUR,"Fukuura, Ehime",conflicting or missing match,1926157
JPFRJ,"Fukuura, Ishikawa",conflicting or missing match,1863921
JPFUA,"Fukuura, Kumamoto",conflicting or missing match,11402750
JPFKY,"Fukuyama, Hiroshima",conflicting or missing match,1863917;11876766
JPFYM,"Fukuyama, Kagoshima",no explicit link,
JPFSH,Funakakushi,no explicit link,
JPFNR,Funaura,no explicit link,
JPFNA,Funaya,no explicit link,
JPFNZ,Funazu,no explicit link,
JPFRX,"Furue, Ehime",conflicting or missing match,6417040
JPFRU,"Furue, Kagoshima",conflicting or missing match,1863841
JPFRM,"Furue, Miyazaki",conflicting or missing match,1863842
JPFRE,"Furue, Nagasaki",no explicit link,
JPFRK,Furuike,no explicit link,
JPFRS,"Furusato, Nagasaki",conflicting or missing match,8599791
JPFTG,Futago,no explicit link,
JPFMT,"Futamata, Kagoshima",conflicting or missing match,8601694
JPFTT,"Futamata, Shimane",conflicting or missing match,1863749
JPHUT,"Futami, Niigata",conflicting or missing match,1863746
JPHTM,"Futami, Tokyo",conflicting or missing match,2113755
JPFTS,"Futtsu, Chiba",conflicting or missing match,1863711
JPGPT,Gendentokai,no explicit link,
JPGKB,Gohnokubi,no explicit link,
JPGOT,Gohtsu,no explicit link,
JPGOI,Goi/Ichihara,conflicting or missing match,2112864
JPGYA,Gyohda,no explicit link,
JPHAB,"Habu, Hiroshima",conflicting or missing match,1863473
JPHAU,"Habu, Tokyo",conflicting or missing match,1863469
JPHBB,"Habu, Yamaguchi",conflicting or missing match,1863474
JPHGO,Hachigo,no explicit link,
JPHAE,Haenohama,no explicit link,
JPHKS,Hakatashima,conflicting or missing match,11524904
JPHKU,Hakoura,no explicit link,
JPHMG,Hamaguri,no explicit link,
JPHKW,Hamakanaya,no explicit link,
JPHSK,Hamasako,no explicit link,
JPHSU,Hamasuki,no explicit link,
JPHMW,Hamawaki,no explicit link,
JPHMC,Hamochi,conflicting or missing match,1863254
JPHNE,Hane,conflicting or missing match,1863190
JPHND,Haneda Apt/Tokyo,conflicting or missing match,6300412
JPHUR,Hannoura,no explicit link,
JPHNY,Hanyu,no explicit link,
JPHAR,Hara,conflicting or missing match,1863115
JPHSS,Hase,no explicit link,
JPHAH,Hashima,no explicit link,
JPHTT,Hata,no explicit link,
JPHMI,Hatami,no explicit link,
JPHES,Hesaki,no explicit link,
JPHET,Heta,conflicting or missing match,1862898
JPHIA,Hiagari/Kitakiushu,no explicit link,
JPHBR,Hiburi,conflicting or missing match,1862882
JPHGH,Higashihazu,no explicit link,
JPHHH,Higashinohama,no explicit link,
JPHIO,Higashi-Ogishima,conflicting or missing match,11549412
JPHIG,Higashishioya,no explicit link,
JPHKI,Hikami,no explicit link,
JPHDO,Himedo,no explicit link,
JPHMK,Himekawa,conflicting or missing match,12196115
JPHNR,Himenoura,no explicit link,
JPHMH,Himeshima,conflicting or missing match,7414052
JPHMJ,Himi,conflicting or missing match,1862610
JPHNZ,Hinozu,no explicit link,
JPHRJ,Hirai,no explicit link,
JPHRW,Hiraiwa,conflicting or missing match,1862543
JPHII,Hirasaki,no explicit link,
JPHRO,Hiro,conflicting or missing match,1853717
JPHTA,"Hirota, Iwate",conflicting or missing match,2110757
JPHJT,"Hirota, Kagoshima",conflicting or missing match,10147367
JPHRU,Hiroura,conflicting or missing match,1862400
JPHMA,Hishima,no explicit link,
JPHTS,Hitsushima,no explicit link,
JPHIZ,Hizenohshima,no explicit link,
JPHUD,Hoda,no explicit link,
JPHHM,Hohomi,no explicit link,
JPHON,"Honjo, Akita",conflicting or missing match,2112683
JPHNJ,"Honjo, Kyoto",conflicting or missing match,1862199
JPHKM,Honkushima,no explicit link,
JPHNN,Honmoku,conflicting or missing match,11061021
JPHPP,Hoppozaki,no explicit link,
JPHSI,"Hoshika, Nagasaki",conflicting or missing match,1862124
JPHOS,"Hoshika, Saga",conflicting or missing match,1862125
JPHOT,Hotokegaura,no explicit link,
JPHYR,Hyakunoura,no explicit link,
JPHYG,Hyugadomari,no explicit link,
JPICD,Icchoda,no explicit link,
JPIEJ,Iejima/Okinawa,conflicting or missing match,6300459
JPIES,"Ieshima, Hyogo",conflicting or missing match,1861909
JPIKR,Ikara,conflicting or missing match,1859044
JPIKA,"Ikeda, Kagawa",conflicting or missing match,1861798
JPIKD,"Ikeda, Wakayama",no explicit link,
JPIKE,Ikeshima,no explicit link,
JPIKN,Ikina,conflicting or missing match,1861757
JPIKU,Ikunohama,no explicit link,
JPIGR,Imagire,no explicit link,
JPIMZ,Imazu,no explicit link,
JPIDJ,Indohji,no explicit link,
JPINO,Inobe,no explicit link,
JPIUH,"Inokuchi, Ehime",conflicting or missing match,1926133
JPINK,"Inokushi, Oita",conflicting or missing match,1861566
JPIND,Inonada,no explicit link,
JPINZ,Inujima,no explicit link,
JPISB,Ishiba,no explicit link,
JPISH,Ishima,no explicit link,
JPISC,Ishiwaki,no explicit link,
JPISA,Issai,no explicit link,
JPISU,Isuwan,no explicit link,
JPITU,"Itoh, Shimane",no explicit link,
JPITJ,"Itoh, Shizuoka",conflicting or missing match,1861282;1861290
JPIWG,"Iwagi,Ehime",conflicting or missing match,1926130
JPIWY,Iwaya,no explicit link,
JPIOU,"Iwojima, Kagoshima",no explicit link,
JPIWT,"Iwojima, Nagasaki",no explicit link,
JPIWO,"Iwojima, Tokyo",conflicting or missing match,6300315
JPIZM,"Izumi, Aichi",conflicting or missing match,1861105
JPIZI,"Izumi, Nagasaki",conflicting or missing match,1861106
JPIZS,Izumisano,conflicting or missing match,7391698
JPJKW,Jokawauchi,no explicit link,
JPJON,Jonoshita,no explicit link,
JPKDW,Kadokawa,no explicit link,
JPKDO,Kadokura,conflicting or missing match,1860872
JPKJG,"Kaga, Shimane",no explicit link,
JPKGT,Kaigata,no explicit link,
JPKAZ,Kaizaki,no explicit link,
JPKGR,Kamagari,conflicting or missing match,1860543
JPKAJ,"Kama, Shimane",conflicting or missing match,8651141
JPKEE,Kameike,no explicit link,
JPKJM,"Kameura, Kumamoto",conflicting or missing match,11246023
JPKMR,"Kameura, Tokushima",no explicit link,
JPKMF,Kaminofuruta,no explicit link,
JPKMY,Kamiyakunagata,no explicit link,
JPKYK,Kanayaki,no explicit link,
JPKND,"Kanda, Fukuoka",conflicting or missing match,1860234
JPKIX,Kansai Int Apt,conflicting or missing match,6300316
JPKRK,Karakizaki,no explicit link,
JPKKA,Karakuma,no explicit link,
JPKTM,Karatomari,no explicit link,
JPKRY,"Kariya, Saga",conflicting or missing match,1860036
JPKRB,Karubi,no explicit link,
JPKAN,Karuno,conflicting or missing match,1860021
JPKSS,"Kasasa, Kagoshima",conflicting or missing match,1899179
JPKSY,"Kasasa, Yamaguchi",no explicit link,
JPKDJ,Kasedo,no explicit link,
JPKAE,Kashimae,conflicting or missing match,11524907
JPKSM,"Kashima, Ibaraki",conflicting or missing match,1860748
JPKSC,"Kashima, Saga",conflicting or missing match,1859941
JPKSW,"Kashiwa, Ehime",conflicting or missing match,1926119
JPKTK,Kataku,no explicit link,
JPKBA,Katasoba,no explicit link,
JPKUR,"Katsuura, Chiba",conflicting or missing match,2112309
JPKAT,"Katsuura, Wakayama",conflicting or missing match,1859773
JPKCH,"Kawachi, Kumamoto",conflicting or missing match,1859753
JPKWC,"Kawachi, Nagasaki",conflicting or missing match,1864846
JPKWJ,"Kawajiri, Hiroshima",conflicting or missing match,1859709
JPKWR,"Kawajiri, Ibaraki",conflicting or missing match,2112292
JPKWA,Kawanazu,no explicit link,
JPKZH,Kazuhara,no explicit link,
JPKZM,Kazume,no explicit link,
JPKZS,Kazusaminato,no explicit link,
JPKEB,Kebuki,no explicit link,
JPKEJ,Keraji,conflicting or missing match,1859544
JPKJP,Kerama,conflicting or missing match,1859547
JPKIA,Kiami,no explicit link,
JPKIB,Kibe,no explicit link,
JPKGJ,Kigasajima,no explicit link,
JPKII,Kiire,conflicting or missing match,1852685
JPKZI,Kijima,no explicit link,
JPKIM,Kineshima,no explicit link,
JPKJO,Kinjo,no explicit link,
JPKNX,KinNakagusuku,no explicit link,
JPKNU,Kinuura,conflicting or missing match,12195599
JPKIN,Kinwan,no explicit link,
JPKJR,Kiriishi,conflicting or missing match,1859415
JPKNJ,Kisane,no explicit link,
JPKTL,Kitakijima,no explicit link,
JPKTX,Kita/Kitadaito,conflicting or missing match,1859361
JPKDX,Kita/Minamidaito,conflicting or missing match,1929144
JPKTA,Kitanada,no explicit link,
JPKJT,"Kitaura, Akita",conflicting or missing match,6822201
JPKIR,"Kitaura, Ehime",conflicting or missing match,6417042
JPKTR,"Kitaura, Kagawa",no explicit link,
JPKIT,"Kitaura, Miyazaki",no explicit link,
JPKBT,Kobato,conflicting or missing match,11524903
JPKBS,Kobishima,no explicit link,
JPKDK,Kodakashima,no explicit link,
JPKOD,"Kodomari, Aomori",conflicting or missing match,2129505
JPKDM,"Kodomari, Kumamoto",conflicting or missing match,11266720
JPKGC,Koguchi,no explicit link,
JPKOG,"Kogushi, Okayama",conflicting or missing match,1859066
JPKGS,"Kogushi, Yamaguchi",conflicting or missing match,1859067
JPKJA,Kohjima,no explicit link,
JPKZR,Kohjiro,no explicit link,
JPKOO,Kohmen,no explicit link,
JPKNR,Kohnoura,no explicit link,
JPKFU,Kohtsufukae,no explicit link,
JPKTU,Kohtsuura,no explicit link,
JPKKL,Kohzaki,no explicit link,
JPKOU,Kohzujima,no explicit link,
JPKOI,Koike/Uwajima,no explicit link,
JPKMQ,"Komatsu, Ishikawa",conflicting or missing match,6300367
JPKMX,"Komatsu, Yamaguchi",conflicting or missing match,1858911
JPKAX,Komoe,no explicit link,
JPKKE,Komukae,no explicit link,
JPKNI,Konagai,no explicit link,
JPKNB,Konbukariishi,no explicit link,
JPKON,Konoshima,conflicting or missing match,1858795
JPKSX,Kosuki,no explicit link,
JPKTJ,Kotakarajima,no explicit link,
JPJKT,Kotoura,conflicting or missing match,11524902
JPKOR,"Koura, Kagawa",no explicit link,
JPKJU,"Koura, Kagoshima",no explicit link,
JPKOY,Koyoh/Etajima,no explicit link,
JPKYO,Koyoh/Kawajiri,no explicit link,
JPKZE,Kozera,no explicit link,
JPKBU,Kubuki,no explicit link,
JPKCF,Kuchinofukuura,no explicit link,
JPKJI,"Kuji, Iwate",conflicting or missing match,2129427
JPKKU,"Kuji, Kagoshima",conflicting or missing match,1858467
JPKRR,Kujiragaura,no explicit link,
JPKGE,Kumage,no explicit link,
JPKMS,Kumeshima,no explicit link,
JPKMH,Kumihama,conflicting or missing match,1858391
JPKNH,Kunehama,conflicting or missing match,8600637
JPKNG,Kuniga,no explicit link,
JPKRC,Kuramai,no explicit link,
JPKRE,"Kure, Hiroshima",conflicting or missing match,1858296
JPKUE,"Kure, Kochi",conflicting or missing match,1858297
JPKHJ,Kurimamaehama,no explicit link,
JPKRD,Kuroda,no explicit link,
JPKRM,Kurokami,no explicit link,
JPKRJ,"Kuroshima, Okinawa",no explicit link,
JPKRS,Kurushima,no explicit link,
JPKKK,Kushiku,no explicit link,
JPKSB,Kusubo,conflicting or missing match,8600536
JPKNA,Kuwana,conflicting or missing match,1857966
JPKYM,Kuyama,no explicit link,
JPMAD,Maedomari/Iheya,conflicting or missing match,1857835
JPMDR,Maedomari/Tarama,no explicit link,
JPMHM,Maehama,no explicit link,
JPMER,Maeura,no explicit link,
JPMMM,Mageshimamisaki,no explicit link,
JPMGC,Maguchi,no explicit link,
JPMGU,Magusa,no explicit link,
JPMWA,Maruiwa,no explicit link,
JPMDJ,"Masuda, Kagoshima",conflicting or missing match,10180079
JPMSD,"Masuda, Shimane",conflicting or missing match,1857594
JPMAM,Matama,no explicit link,
JPMGA,Matsugaura,no explicit link,
JPMAO,Matsuo,no explicit link,
JPMRA,"Matsushima, Miyagi",conflicting or missing match,2111964;12952914
JPMAT,"Matsushima, Nagasaki",conflicting or missing match,1857490
JPMSS,"Matsushima, Okayama",no explicit link,
JPMAU,"Matsuura, Kagoshima",no explicit link,
JPMTS,"Matsuura, Nagasaki",conflicting or missing match,6822144
JPMTU,"Matsuura, Oita",no explicit link,
JPMWR,Mawari,conflicting or missing match,8599959
JPMGS,Megoshima,no explicit link,
JPMEN,Mei,conflicting or missing match,1863913
JPMMB,Memanbetsu,conflicting or missing match,2129266
JPMSI,MieShikimi,no explicit link,
JPMHN,Mihowan,no explicit link,
JPMII,"Miike, Fukuoka",conflicting or missing match,1857313
JPMIJ,"Miike, Tokyo",no explicit link,
JPMKW,Mikawa,no explicit link,
JPMKR,Mikurajima,conflicting or missing match,1857241
JPMNT,"Minato, Hyogo",conflicting or missing match,1857108
JPMNE,Mine,conflicting or missing match,1857079
JPMNJ,Minna/Motobu,no explicit link,
JPMNN,Minna/Tarama,no explicit link,
JPMSX,"Misaki, Ehime",conflicting or missing match,1926093
JPMIK,"Misaki, Kanagawa",conflicting or missing match,1857019
JPMKI,"Misaki, Kochi",conflicting or missing match,1853340
JPMKX,"Mishima, Kawanoe",conflicting or missing match,11549901
JPMSM,"Mishima, Shizuoka",conflicting or missing match,1856977
JPMSR,Mishiro,no explicit link,
JPMSO,Misho,no explicit link,
JPMIS,"Misumi, Kumamoto",conflicting or missing match,1855259
JPMMI,"Misumi, Shimane",conflicting or missing match,1856962
JPMTC,Mitachi,no explicit link,
JPMIT,"Mitaka, Hiroshima",no explicit link,
JPMTA,"Mitaka, Tokyo",conflicting or missing match,1860437
JPMQT,"Mito, Kagawa",no explicit link,
JPMKS,Mitsukoshima,no explicit link,
JPMIR,Miura/Mitsushima,no explicit link,
JPMYE,Miyakejima Apt/Tokyo,conflicting or missing match,6300411
JPMYK,"Miyako, Iwate",conflicting or missing match,2111884
JPMYN,Miyanoura/Azuma,no explicit link,
JPMUY,"Miyanoura, Kagawa",conflicting or missing match,6418710
JPMNO,Miyanoura/Kamiyaku,no explicit link,
JPMNR,"Miyanoura, Nagasaki",conflicting or missing match,1856738
JPMZK,"Miyazaki, Ehime",conflicting or missing match,6416963
JPKMI,"Miyazaki, Miyazaki",conflicting or missing match,1856717
JPMCD,Mochidoi,no explicit link,
JPMCH,Mochiishi,no explicit link,
JPMGN,Mogine,conflicting or missing match,1856627
JPMBE,Monbetsu/Abashiri,conflicting or missing match,2129157;2129163
JPMOX,Monoi,no explicit link,
JPMRK,Morakui,no explicit link,
JPMOO,Morie,no explicit link,
JPMRH,Morinohama,no explicit link,
JPMOT,Motomachi,conflicting or missing match,8572806
JPMTO,Motoura/Azuma,no explicit link,
JPMOU,Motoura/Toshima,no explicit link,
JPMZR,Motozaru,no explicit link,
JPMUK,Mukaishima,no explicit link,
JPMKA,Mukata,no explicit link,
JPMRE,Mure,no explicit link,
JPMRO,Murokita,no explicit link,
JPMRJ,Murotomisaki,no explicit link,
JPMRS,"Murotsu, Hyogo",conflicting or missing match,1856383
JPMUX,"Murotsu, Kochi",conflicting or missing match,1856386
JPMRT,"Murotsu, Yamaguchi",conflicting or missing match,1856385
JPMSH,Musashi,no explicit link,
JPMUT,Mutsuogawara,no explicit link,
JPMTR,Mutsure,conflicting or missing match,1856343
JPNAR,Naarai,no explicit link,
JPNAD,Nadahama,no explicit link,
JPNDY,Nadayama,no explicit link,
JPNEX,"Nagae, Ehime",no explicit link,
JPNGE,"Nagae, Shimane",no explicit link,
JPNGH,"Nagahama, Ehime",conflicting or missing match,1926080
JPNMA,"Nagahama, Kagoshima",conflicting or missing match,1856247
JPNHM,"Nagahama, Shiga",conflicting or missing match,1856243
JPNAG,"Nagahama, Shimane",conflicting or missing match,1856244
JPNHN,Nagasakinohana,no explicit link,
JPNGU,"Nagasu, Kumamoto",conflicting or missing match,1856120
JPNSU,"Nagasu, Oita",conflicting or missing match,1856119
JPNAA,"Nagaura, Nagasaki",no explicit link,
JPNGR,Nagaura/Yokosuka,no explicit link,
JPMGY,Nagayama,no explicit link,
JPNGM,Nagimi,no explicit link,
JPNGD,Nagouda,no explicit link,
JPNGO,"Nagoya, Aichi",conflicting or missing match,1856057;12233244
JPNAH,"Naha, Okinawa",conflicting or missing match,1856035;6300458;9853024
JPNGN,Naigainoura,no explicit link,
JPNHA,"Nakahama, Hiroshima",conflicting or missing match,6417246
JPNKJ,"Nakahama, Kyoto",conflicting or missing match,1855960
JPNKH,"Nakahama, Tottori",no explicit link,
JPNKL,"Nakama, Kagoshima",conflicting or missing match,10194049
JPNKM,"Nakama, Okinawa",conflicting or missing match,1855910
JPNMT,Nakaminato,conflicting or missing match,2111732
JPNKN,Nakanoura,no explicit link,
JPNKT,"Nakata, Hiroshima",no explicit link,
JPNTX,"Nakata, Kumamoto",no explicit link,
JPNKY,Nakayama,no explicit link,
JPNTY,Nanatsuyama,no explicit link,
JPNKO,Nanko,conflicting or missing match,1855638
JPNRO,Narao,conflicting or missing match,1855607
JPNRT,Narita Apt/Tokyo,conflicting or missing match,6300307
JPNGI,Neghishi/Yokohama,conflicting or missing match,11076301
JPNEJ,Nejime,conflicting or missing match,10178646
JPNIH,Niigatahigashi,conflicting or missing match,11524901
JPNIN,Niigatanishi,no explicit link,
JPNIJ,Niijima,conflicting or missing match,1855419
JPNSB,Nishibe,no explicit link,
JPNSI,Nishiesan,no explicit link,
JPNID,Nishi/Kitadaito,no explicit link,
JPMAW,Nishimaizuru,no explicit link,
JPNDI,Nishi/Minamidaito,no explicit link,
JPNIS,Nishinaka,no explicit link,
JPNSH,Nishishioya,no explicit link,
JPNIA,Nita,no explicit link,
JPNBS,Nobeokashinko,no explicit link,
JPNBU,Nobu/Mitsushima,no explicit link,
JPNOU,Noh,no explicit link,
JPNJR,Nojiri,no explicit link,
JPNMI,Nomi,no explicit link,
JPNON,Nonohama,no explicit link,
JPNCO,"Nonoichi, Ishikawa",conflicting or missing match,1854979
JPNNH,Nunohama,no explicit link,
JPNYK,Nyukou,no explicit link,
JPNYZ,Nyuzu,no explicit link,
JPOBM,"Obama, Fukui",conflicting or missing match,1854849
JPOBA,"Obama, Mie",conflicting or missing match,1854579
JPOBB,"Obama, Nagasaki",conflicting or missing match,1854850
JPOBE,"Obe, Ehime",conflicting or missing match,1926068
JPOOC,Ochiyo,no explicit link,
JPODA,Odahigashi,no explicit link,
JPODO,Odoh,no explicit link,
JPOGA,Ogasawara,conflicting or missing match,2111520
JPOII,"Ogi, Ishikawa",conflicting or missing match,1854654
JPOGK,"Ogi, Kagawa",conflicting or missing match,1854638
JPOGI,"Ogi, Niigata",conflicting or missing match,1854653
JPOGM,Ogomori,no explicit link,
JPOHM,"Ohama, Ehime",conflicting or missing match,6416236
JPOHA,"Ohama, Kagawa",conflicting or missing match,9273592
JPKHM,"Ohama, Kagoshima",conflicting or missing match,10181360
JPOOH,"Ohama, Okayama",no explicit link,
JPOMX,"Ohama, Tottori",no explicit link,
JPOBX,"Ohbe, Kagawa",no explicit link,
JPOBS,Ohbishima,no explicit link,
JPOKR,Ohbukura/Uwajima,no explicit link,
JPODN,Ohdana,no explicit link,
JPOFR,Ohfukaura,no explicit link,
JPOFK,Ohfunakoshi,no explicit link,
JPOFT,Ohfunato,no explicit link,
JPOOG,Ohgaki,no explicit link,
JPOSR,Ohgasari,no explicit link,
JPOGE,Ohge,no explicit link,
JPOGS,Ohgishima,no explicit link,
JPOGU,Ohgushi,no explicit link,
JPOHO,Ohi,no explicit link,
JPOIG,Ohigawa,no explicit link,
JPOKH,Ohkawara,no explicit link,
JPONE,Ohnejime,no explicit link,
JPONS,Ohnishi/Ohsaki,no explicit link,
JPOON,Ohnoh,no explicit link,
JPORA,Ohra,no explicit link,
JPOUS,Ohse,no explicit link,
JPOSI,"Ohshima, Ehime",no explicit link,
JPOSS,"Ohshima, Fukuoka",no explicit link,
JPHGS,Ohshima/Hagi,no explicit link,
JPOOM,"Ohshima, Kagawa",no explicit link,
JPOSO,"Ohshima, Miyazaki",no explicit link,
JPOIM,"Ohshima, Tokyo",conflicting or missing match,6300410
JPOSH,"Ohshima, Wakayama",no explicit link,
JPOYM,Ohyama/Mitsushima,no explicit link,
JPOZJ,Ohzuku,no explicit link,
JPOYA,Ojoya,no explicit link,
JPOKD,Okadama Apt/Sapporo,conflicting or missing match,6300327
JPOKM,Okamoto,no explicit link,
JPOOW,"Okawa, Nagasaki",conflicting or missing match,1895950
JPOKW,"Okawa, Wakayama",conflicting or missing match,1859081
JPOKE,Okinoerabu,conflicting or missing match,1854341
JPOKK,Okinokojima,no explicit link,
JPOKC,"Okitsu, Chiba",conflicting or missing match,2111453
JPOKT,"Okitsu, Shizuoka",conflicting or missing match,1854279
JPOIU,"Okiura, Hiroshima",conflicting or missing match,6417088
JPOKS,Okiuranishi,no explicit link,
JPOKX,"Okiura, Yamaguchi",no explicit link,
JPOKG,Okogi,no explicit link,
JPOOJ,"Okubo, Kagoshima",conflicting or missing match,10178608
JPOKB,"Okubo, Tokyo",conflicting or missing match,1862755
JPOCH,Okunouchi,no explicit link,
JPOMS,Omishima,no explicit link,
JPOJM,Omosu,no explicit link,
JPOMH,Omotehama,no explicit link,
JPOGC,Ongachi,no explicit link,
JPONX,OnomichiItozaki,conflicting or missing match,1853991
JPORG,Origami,conflicting or missing match,1853934
JPOUK,"Osaka, Tottori",conflicting or missing match,8625032
JPOSX,"Osaki, Kagoshima",conflicting or missing match,1895636
JPOSN,Osaki/Mitsushima,no explicit link,
JPOSK,"Osaki, Miyagi",conflicting or missing match,6822188
JPOJO,Osako,no explicit link,
JPOST,Osetoyanagi,no explicit link,
JPOSL,"Oshima, Yamaguchi",conflicting or missing match,1858450
JPOSE,Osoe,no explicit link,
JPOSU,Osuki,no explicit link,
JPOSJ,"Otsu, Ibaraki",conflicting or missing match,2111313
JPOTU,"Otsu, Shiga",conflicting or missing match,1853574
JPOUA,Oura/Ariake,no explicit link,
JPOUR,Oura/Kamitsushima,no explicit link,
JPOOR,Oura/Kasaoka,conflicting or missing match,1853534
JPORX,Oura/Marugame,no explicit link,
JPOOA,"Oura, Saga",conflicting or missing match,9889314
JPORR,Oura/Uchinoura,no explicit link,
JPRHK,Reihoku,conflicting or missing match,1853414
JPRKO,Rokko Island,no explicit link,
JPRND,Ronden,no explicit link,
JPRYS,Ryohshida,no explicit link,
JPRYG,Ryugamizu,no explicit link,
JPSAB,Saba,no explicit link,
JPSGA,"Saga, Kochi",conflicting or missing match,1853304
JPQSG,"Saga, Saga",conflicting or missing match,1853303
JPSAW,Sagawa,no explicit link,
JPSJA,"Sai, Aomori",conflicting or missing match,2128363
JPSAD,Saidoh,no explicit link,
JPSGU,"Saigo, Nagasaki",no explicit link,
JPSAI,"Saigo, Shimane",conflicting or missing match,1853253
JPSAC,"Sai, Shimane",no explicit link,
JPSSK,Saizaki,no explicit link,
JPSBK,Sakaisenboku,conflicting or missing match,1853179
JPSKK,Sakaki,conflicting or missing match,12908983
JPSMU,Sakimui,conflicting or missing match,2121519
JPSKR,Sakuraikako,no explicit link,
JPSRZ,Sakurajima,conflicting or missing match,1858768
JPSNX,Sanagi,conflicting or missing match,1853014
JPSNM,Sanami,no explicit link,
JPSAS,Sasago,no explicit link,
JPSTE,Satoura,no explicit link,
JPSTW,Satsukawawan,no explicit link,
JPSGW,Segawa,no explicit link,
JPSEB,Seibu,no explicit link,
JPSEG,Seigaura,no explicit link,
JPSEQ,Se/Izuhara,no explicit link,
JPSEK,Sekinehama,no explicit link,
JPSKY,Sekiya,no explicit link,
JPSGM,Sendaishiogama,conflicting or missing match,11524883
JPSXT,"Seto, Kagawa",conflicting or missing match,6418713
JPSTT,"Seto, Kagoshima",conflicting or missing match,1852811
JPSEZ,Sezaki,no explicit link,
JPSBY,Shibayama,conflicting or missing match,11524882
JPSGI,Shigetomi,no explicit link,
JPSIN,Shiinoki,no explicit link,
JPSIK,Shikamachi,conflicting or missing match,9985067
JPSTJ,Shikata,no explicit link,
JPSHZ,Shimazuya,no explicit link,
JPSMO,"Shimoda, Kochi",no explicit link,
JPSIA,"Shimoda, Kumamoto",conflicting or missing match,1852359
JPSDA,"Shimoda, Nagasaki",no explicit link,
JPSMD,"Shimoda, Shizuoka",conflicting or missing match,1852357
JPSMR,Shimodomari/Mikame,no explicit link,
JPSMH,Shimohisage,no explicit link,
JPSSA,Shimotsuura,conflicting or missing match,11265380
JPSZI,Shinjima,no explicit link,
JPSKW,"Shinkawa, Aichi",conflicting or missing match,1852075
JPSNK,"Shinkawa, Kagoshima",no explicit link,
JPSNJ,Shinojima,no explicit link,
JPSNZ,Shinzaike,no explicit link,
JPSGT,Shiogatani,no explicit link,
JPSOH,Shiohama,no explicit link,
JPSYG,Shioyagamoto,no explicit link,
JPSIO,"Shioya, Ishikawa",conflicting or missing match,1851960
JPSYA,"Shioya, Okinawa",conflicting or missing match,1851969
JPSRX,"Shirahama, Chiba",conflicting or missing match,1853610
JPSRH,"Shirahama, Kagawa",conflicting or missing match,1852632
JPSHH,"Shirahama, Kagoshima",conflicting or missing match,1858768
JPSIR,"Shirahama, Nagasaki",conflicting or missing match,1851937
JPSIH,"Shirahama, Okinawa",conflicting or missing match,1851939
JPSHM,"Shirahama, Wakayama",conflicting or missing match,6300317
JPSRT,Shirakata,no explicit link,
JPSRA,Shiraki,no explicit link,
JPSKU,Shiraku,no explicit link,
JPSRS,Shirose,no explicit link,
JPSTR,Shirotori,no explicit link,
JPSSH,Shishiboe,no explicit link,
JPSJI,"Shishijima, Kagawa",conflicting or missing match,9199522
JPSJM,"Shishijima, Kagoshima",no explicit link,
JPSTB,Shitaba,no explicit link,
JPSNO,Shitanoe,no explicit link,
JPSIT,Shitanoura,conflicting or missing match,8599964
JPSZG,Shizugawa,conflicting or missing match,2110999
JPSZU,Shizuura,no explicit link,
JPSNN,Shonan,conflicting or missing match,8723472
JPSOG,Sogo,no explicit link,
JPSNI,Sonai/Taketomi,conflicting or missing match,1851593
JPSNA,Sonai/Yonaguni,no explicit link,
JPSOR,Sonoura,no explicit link,
JPSYM,Sonoyama,no explicit link,
JPSOT,Sotodomari/Nishiumi,no explicit link,
JPSOZ,Sozu,no explicit link,
JPSUG,Suga,conflicting or missing match,1848736
JPSGE,Suge,conflicting or missing match,1851514
JPSUR,Sugeura,no explicit link,
JPSMI,Sumie,no explicit link,
JPSUH,"Sumoto, Hyogo",conflicting or missing match,1851426
JPSUT,"Sumoto, Kumamoto",conflicting or missing match,11264767
JPSUW,Suwa,no explicit link,
JPTBU,Tabu,no explicit link,
JPTAG,Tagi,conflicting or missing match,1858507
JPTGO,Tagonoura,conflicting or missing match,10466955
JPTKW,Tainokawa,no explicit link,
JPTAL,Tainouchi,no explicit link,
JPTZA,Taiza,conflicting or missing match,1851199
JPTJR,"Tajiri, Tottori",conflicting or missing match,1851190
JPTKD,Takada,conflicting or missing match,1851170
JPTAH,"Takahama, Ehime",conflicting or missing match,1926036
JPTKC,Takanokuchi,no explicit link,
JPTJK,Takashima/Masuda,no explicit link,
JPTSM,Takashima/Nishisonogi,no explicit link,
JPTXK,"Takasu, Fukui",conflicting or missing match,6697542
JPTKG,"Takasu, Kagoshima",conflicting or missing match,1850950
JPTEE,Take,conflicting or missing match,1853972
JPTEA,Takena,no explicit link,
JPTKE,Takeno,conflicting or missing match,1850851
JPTSX,Takeshima,no explicit link,
JPTTH,Taketomihigashi,no explicit link,
JPTKZ,Takezaki,conflicting or missing match,1850811
JPTMS,"Tamatsu, Ehime",conflicting or missing match,1926033
JPTMT,"Tamatsu, Okayama",no explicit link,
JPTAN,Tanagawa,conflicting or missing match,1851272
JPTNK,Tanasoko,conflicting or missing match,11264996
JPTNE,Tanegashima,conflicting or missing match,6300347
JPTUR,"Tanoura, Ehime",no explicit link,
JPTNU,Tanoura/Kitakyushu,conflicting or missing match,1850634
JPTNR,"Tanoura, Kumamoto",conflicting or missing match,1850636
JPTRA,Taramajima,conflicting or missing match,6300468
JPTET,"Tateishi, Ehime",no explicit link,
JPTTS,"Tateishi, Kagawa",no explicit link,
JPTYU,Tayui,no explicit link,
JPTEK,Tekutsuku,no explicit link,
JPTZU,Terazu/Matsue,conflicting or missing match,8624066
JPTRZ,Terazu/Yatsuka,no explicit link,
JPTSI,Teshima,conflicting or missing match,1861905
JPTER,Teuri,conflicting or missing match,2127812
JPTDA,Tohda,no explicit link,
JPTOK,Tokachi,conflicting or missing match,2129202
JPTKO,Tokonami,conflicting or missing match,11524884
JPTKJ,Tokujin,no explicit link,
JPTKN,Tokunoshima,conflicting or missing match,1850164
JPTMR,"Tomari, Okinawa",conflicting or missing match,1850134
JPTMA,Tomari/Shiribeshi,no explicit link,
JPTMO,"Tomioka, Kumamoto",conflicting or missing match,1850093
JPTOM,"Tomioka, Tokushima",conflicting or missing match,1850102
JPTMU,Tomitsu,no explicit link,
JPTNH,Tonoshohigash,no explicit link,
JPTSZ,Tosashimizu,conflicting or missing match,1849927
JPTJO,"Toshima, Hyogo",conflicting or missing match,1849913
JPTOU,Touyo,no explicit link,
JPTYJ,"Toyohama, Aichi",conflicting or missing match,1849850
JPTYH,"Toyohama, Kagawa",conflicting or missing match,1849851
JPTUS,Toyoshige,no explicit link,
JPTWA,Tsukinokawa,no explicit link,
JPTNA,Tsuna,no explicit link,
JPTNI,Tsuneishi,conflicting or missing match,1851562
JPTRU,"Tsurumi, Okayama",conflicting or missing match,1849572
JPTRC,Tsuruuchi,no explicit link,
JPTSJ,Tsushima,conflicting or missing match,6300338
JPTTM,Tsutsumi,no explicit link,
JPUBY,Ubuyu,no explicit link,
JPUCN,Uchinomi,no explicit link,
JPUNU,Uchinourahetsuka,no explicit link,
JPUCU,"Uchiura, Fukui",conflicting or missing match,12196114
JPUCR,"Uchiura, Ishikawa",no explicit link,
JPUDD,Udo,no explicit link,
JPUGA,Uga,no explicit link,
JPUKJ,Ukejima,no explicit link,
JPUMG,Umagoe,no explicit link,
JPUOM,Uomi,conflicting or missing match,10182331
JPUOU,"Uozu, Shimane",no explicit link,
JPUOZ,"Uozu, Toyama",conflicting or missing match,1849237
JPURA,Ura,conflicting or missing match,1849104
JPUNM,Uranomae,no explicit link,
JPURS,Urasoko,no explicit link,
JPUSA,Usa/Tosa,no explicit link,
JPUSG,Ushigakubijima,no explicit link,
JPUSI,Ushine,no explicit link,
JPUSN,Usuno,no explicit link,
JPUTM,"Utsumi, Aichi",conflicting or missing match,1849056
JPUTS,"Utsumi, Hiroshima",no explicit link,
JPWAI,Waita,no explicit link,
JPWTU,"Wakamatsu, Nagasaki",conflicting or missing match,1848966
JPWKT,Wakatsu,no explicit link,
JPWMT,Wakimoto,no explicit link,
JPWKZ,Wakizaki,no explicit link,
JPWAN,Wan,conflicting or missing match,10194312
JPWSB,Washibeyanoura,no explicit link,
JPYAG,"Yagi, Hyogo",conflicting or missing match,1859531
JPYGI,"Yagi, Iwate",conflicting or missing match,12909170
JPYGR,Yagishiri,conflicting or missing match,2127492
JPKUM,Yakushima,conflicting or missing match,7384012
JPYQD,Yamada,no explicit link,
JPYAD,"Yamada, Iwate",conflicting or missing match,2110560
JPYMD,"Yamada, Okayama",no explicit link,
JPYGH,Yamaguchihigashi,no explicit link,
JPYMT,Yamatani,no explicit link,
JPYNN,Yanma,conflicting or missing match,8601701
JPYMA,Yasurahama,no explicit link,
JPYOC,Yoichigaura,no explicit link,
JPYKS,Yokoshima/Kurahashi,no explicit link,
JPOKO,Yokota Apt/Tokyo,conflicting or missing match,6301831
JPYKT,"Yokota, Hiroshima",no explicit link,
JPYOG,Yonegura,no explicit link,
JPYNZ,Yonouzu,no explicit link,
JPYSS,Yoshiase,no explicit link,
JPYDA,"Yoshida, Aichi",conflicting or missing match,1848213
JPYSD,"Yoshida, Ehime",conflicting or missing match,1926015
JPYSM,Yoshima,no explicit link,
JPYSN,Yoshinozaki,no explicit link,
JPYSR,Yoshiura/Misumi,no explicit link,
JPYHA,Yoshiura/Yunotsu,no explicit link,
JPYSZ,Yoshizu,no explicit link,
JPYOU,Youra,no explicit link,
JPYSH,Yuasahiro,no explicit link,
JPYNM,Yunomochiki,no explicit link,
JPYNT,Yunotsu,conflicting or missing match,8623659
JPYRA,"Yura, Hyogo",conflicting or missing match,1848050
JPYUR,"Yura, Wakayama",conflicting or missing match,1854813
JPYUJ,"Yura, Yamagata",conflicting or missing match,1848047
JPYUA,"Yura, Yamaguchi",no explicit link,
JPYRG,Yurigahama,no explicit link,
JPYUS,Yusu,no explicit link,
JPYTI,Yutai,no explicit link,
KEEYS,Eliye Springs,conflicting or missing match,7730612
KEFER,Fergusons Gulf,no explicit link,
KELBN,Lake Baringo,conflicting or missing match,7731208
KELKU,Lake Rudolf,conflicting or missing match,7731227
KELOY,Loyangalani,conflicting or missing match,7730615
KEMRE,Mara Lodges,conflicting or missing match,7910169
KENZO,Nzoia,conflicting or missing match,179068
KEWIL,Wilson Apt/Nairobi,conflicting or missing match,6301554
KHMWV,Mundulkiri,conflicting or missing match,8261060
KHOMY,Oddor Meanche,conflicting or missing match,8298737
KIAIS,Arorae Island,conflicting or missing match,7521584
KIFIS,Fanning Islands,conflicting or missing match,4030893
KIKUC,Kuria,conflicting or missing match,2110190
KIMTK,Makin Island,conflicting or missing match,2110185
KIWNI,Washington Islands,conflicting or missing match,4030892
KMFOU,"Foumboni, Moheli",conflicting or missing match,921889
KMHAH,Hahaya Apt/Moroni,conflicting or missing match,921876;6297031
KNBAS,"Basseterre, Saint Kitts",conflicting or missing match,3575551
KNSKB,Saint Kitts,conflicting or missing match,3575174
KPHGM,Hungnam,conflicting or missing match,1877449
KPSON,Songjin,conflicting or missing match,2040578
KRCGY,Chungyang,no explicit link,
KRHAR,Haryana,no explicit link,
KRHSO,Hwasong,conflicting or missing match,6575762
KROCH,Ochang,conflicting or missing match,6797282
KRPRY,Pry,no explicit link,
KWKHT,As Sulaybikhat,no explicit link,
KWJBD,Jebel Dhana,no explicit link,
KWKWM,Khor al Mufatta,no explicit link,
KZGUW,Atyrau (ex Guryev),conflicting or missing match,7668494
KZBXH,Balhash,conflicting or missing match,7668487
KZBXJ,Burundai,conflicting or missing match,7668486
KZHOR,Horgos,no explicit link,
KZTDK,Taldy-Kurgan,no explicit link,
KZURA,Uralsk,conflicting or missing match,608668;6300919
KZDZN,Zhezkazgan,conflicting or missing match,1516589;6457344
LAUDO,Udomxay,no explicit link,
LAVAN,Vangtoud,no explicit link,
LAXIE,Xienglom,conflicting or missing match,8245855
LBOUZ,Ouzai,no explicit link,
LBSUR,Sur (Tyre),conflicting or missing match,267008
LBZHR,Zahrani Terminal,no explicit link,
LKRML,Colombo/Ratmalana Apt,conflicting or missing match,6301870
LKDEK,Dekantana,no explicit link,
LKJCT,Jaya Container Terminal,no explicit link,
LKMUL,Mulativu,no explicit link,
LKSGT,South Asia Gateway Terminal,no explicit link,
LKUCT,Unity Container Terminal,no explicit link,
LRBYL,Bella Yella,no explicit link,
LRCMT,Cape Mount,conflicting or missing match,2276627
LRFIM,Fimibo,no explicit link,
LRSAB,Sarioe Bay,no explicit link,
LRWOI,Wologissi,no explicit link,
LSLEF,Lebakeng,conflicting or missing match,7730534
LSNKU,Nkaus,conflicting or missing match,7730539
LSPEL,Pelaneng,conflicting or missing match,7730540
LSSOK,Semongkong,conflicting or missing match,7730545
LSSHZ,Seshutes,conflicting or missing match,7730546
LTKLT,Kaltene,no explicit link,
LTRUM,Rumiskies,no explicit link,
LUXXX,RIS Inland waterways,no explicit link,
LVPLC,Ploce,no explicit link,
LYBEN,Bingazi (Benghazi),conflicting or missing match,88317;88319
LYBOU,El Bouri,no explicit link,
LYMEH,Marsa El Hania,no explicit link,
LYMTH,Melittah,no explicit link,
LYSRT,Sirte (Surt),conflicting or missing match,2210554
LYSOU,Soussah,no explicit link,
LYTOA,Toulmeitha,no explicit link,
LYWAX,Zwara,conflicting or missing match,7730620
MAVIL,Dakhla,conflicting or missing match,2463447;12196072
MAGLN,Goulimime,conflicting or missing match,7731062
MANNA,Kenitra (ex Port Lyautey),conflicting or missing match,2544572;9781243
MAKMA,Ksar Majaz,no explicit link,
MAEUN,Laayoune (El Aaiun),conflicting or missing match,2462881
MAPTM,Tanger Med,conflicting or missing match,8556375;11066422
MDBRS,Berestovitsa,no explicit link,
MDXXX,RIS Inland waterways,no explicit link,
MGBRR,Barren Islands,conflicting or missing match,1068733
MGWFI,Fianarantsoa,conflicting or missing match,1064890;1064891
MGFTU,Fort Dauphin (Toalagnaro),conflicting or missing match,6297052
MGMJN,Majunga (Mahajanga),conflicting or missing match,1062663
MGTMM,Tamatave (Toamasina),conflicting or missing match,1053384
MGTLE,Tulear (Toliara),conflicting or missing match,1055429
MGVEH,Vehiperro,no explicit link,
MHKWA,Kwajalein,conflicting or missing match,2080185
MHMAV,Maloelap Island,conflicting or missing match,2080201
MHNDK,Namdrik Island,conflicting or missing match,2080105
MHNMU,Namu,conflicting or missing match,7303509
MHTIC,Tinak Island,conflicting or missing match,7303954
MHWTO,Wotho Island,conflicting or missing match,2079845
MKDVB,Deve Bair,conflicting or missing match,791507
MKKFN,Kafasan,no explicit link,
MMAKY,Akyab (Sittwe),conflicting or missing match,1295765;11072089
MMKHM,Khamti,conflicting or missing match,1307521
MMMNU,Mawlamyine (Moulmein),conflicting or missing match,1308465
MMMUR,Murdon,no explicit link,
MMTAS,Tah Sala,no explicit link,
MMTER,Terutao Island,no explicit link,
MMSNW,Thandwe (ex Sandoway),conflicting or missing match,7910206
MMXYE,Ye,conflicting or missing match,1285124
MNAVK,Arvaikheer,conflicting or missing match,2032814
MNBYN,Bayankhongor,conflicting or missing match,2032533
MNMXW,Mandalgobi,conflicting or missing match,7731314
MNULN,Ulaanbaatar,conflicting or missing match,6301377;11500150
MRAEO,Aioun el Atrouss,conflicting or missing match,2381291;6297233
MRCGT,Chinguitti,conflicting or missing match,8298770
MRZLG,El Gouera,no explicit link,
MSMNI,Montserrat,conflicting or missing match,3578069
MTBLA,Blata l'Bajda,conflicting or missing match,2562964
MTCKW,Cirkewwa,conflicting or missing match,2562763
MTGHA,Ghargur,no explicit link,
MTSTV,Santa Venera,no explicit link,
MUBAM,Bambous,no explicit link,
MUCDE,Cloverdale,no explicit link,
MVADU,Addu,conflicting or missing match,1281893
MVKDM,Kaadedhdhoo,conflicting or missing match,11103782
MVKDO,Kadhdhoo,conflicting or missing match,1282205
MXAJS,Abreojos,conflicting or missing match,8015082
MXABB,Atunes,no explicit link,
MXBHL,Bahia Angeles,conflicting or missing match,4017731
MXCCN,Coalcoman,conflicting or missing match,9509405
MXPIB,Port Isabel,no explicit link,
MXSFH,San Felipe,conflicting or missing match,7668349
MXSGM,San Ignacio,conflicting or missing match,3970558
MXSJD,San Jose Cabo,conflicting or missing match,3986172
MXSLO,San Lorenzo,no explicit link,
MXSAF,Santa Fe,conflicting or missing match,8858085
MXTTN,Tultilan,conflicting or missing match,3980911
MYBWH,Bagan Luar (Butterworth),conflicting or missing match,7668676
MYBLI,"Batu Lintang, Sarawak",conflicting or missing match,1780738
MYBAU,"Bau, Sarawak",conflicting or missing match,1734539
MYBLG,"Belaga, Sarawak",conflicting or missing match,7730867
MYBNT,"Benut, Johor",conflicting or missing match,1732705
MYBTG,"Betong, Sarawak",conflicting or missing match,1736902
MYBIA,"Biawak, Sarawak",conflicting or missing match,1737007
MYBNG,"Binatang, Sarawak",conflicting or missing match,1735881
MYBTN,Bintangor,conflicting or missing match,1762637
MYBTU,"Bintulu, Sarawak",conflicting or missing match,1737486
MYBBE,Bukit Beruntung,no explicit link,
MYBGG,"Bunan Gega, Sarawak",conflicting or missing match,1770044
MYDDW,Danjindawai,no explicit link,
MYDRO,"Daro, Sarawak",conflicting or missing match,1736781
MYJTA,"Jitra, Kedah",conflicting or missing match,1736302
MYKAB,"Kabong, Sarawak",conflicting or missing match,1736719
MYKPI,"Kapit, Sarawak",conflicting or missing match,7731184
MYKES,Kejit,no explicit link,
MYKRE,Krety,no explicit link,
MYKBE,"Kuala Belud, Sabah",no explicit link,
MYKBS,Kuala Besar,conflicting or missing match,1769620
MYKPU,"Kuala Penyu, Sabah",conflicting or missing match,1733376
MYKSD,Kuala Sedili,no explicit link,
MYKSG,"Kuala Segama, Sabah",no explicit link,
MYKUA,Kuantan (Tanjong Gelang),conflicting or missing match,1887873;6301254
MYKCH,"Kuching, Sarawak",conflicting or missing match,1735634
MYKUD,"Kudat, Sabah",conflicting or missing match,1736458;6301214
MYKUN,"Kunak, Sabah",conflicting or missing match,1733635
MYLDU,"Lahad Datu, Sabah",conflicting or missing match,1733953;7668671
MYLWY,"Lawas, Sarawak",conflicting or missing match,7731250
MYLMN,"Limbang, Sarawak",conflicting or missing match,1737714
MYLGG,"Lingga, Sarawak",conflicting or missing match,1735756
MYLUN,"Lundu, Sarawak",conflicting or missing match,1737012
MYLUT,"Lutong, Sarawak",conflicting or missing match,1738049
MYMUR,"Marudi, Sarawak",conflicting or missing match,1737918
MYMEM,"Mempakul, Sabah",conflicting or missing match,1733774
MYMYY,"Miri, Sarawak",conflicting or missing match,1738050
MYMKM,"Mukah, Sarawak",conflicting or missing match,7731278
MYLPK,Northport/Pt Klang,conflicting or missing match,11524795
MYSNP,North Pt,no explicit link,
MYPAL,"Paloh, Sarawak",conflicting or missing match,1735841
MYPAN,Panchang,conflicting or missing match,1766291
MYPGU,"Pasir Gudang, Johor",conflicting or missing match,1732722;7619751
MYPED,Pedena,conflicting or missing match,1766291
MYPBA,"Pulau Batik, Sabah",conflicting or missing match,1733624
MYPTB,"Pulau Tambisan, Sabah",conflicting or missing match,1733989
MYPUN,"Punang, Sarawak",no explicit link,
MYREJ,"Rejang, Sarawak",no explicit link,
MYSDK,"Sandakan, Sabah",conflicting or missing match,1734052;6301213
MYSEJ,"Sejingkat, Sarawak",conflicting or missing match,1743725
MYSEL,"Selalang, Sarawak",conflicting or missing match,1766775
MYBSE,"Sematan, Sarawak",conflicting or missing match,7730880
MYSMM,"Semporna, Sabah",conflicting or missing match,7731498
MYSPE,Sepulot,conflicting or missing match,7731501
MYSBW,"Sibu, Sarawak",conflicting or missing match,1735902;6301211
MYSIL,Silay,no explicit link,
MYSMG,"Simanggang, Sarawak",conflicting or missing match,1735799
MYSPG,"Simpangan, Sabah",conflicting or missing match,1736597
MYSMJ,"Simunjan, Sarawak",conflicting or missing match,1735681
MYSPT,"Sipitang, Sabah",conflicting or missing match,1733868
MYSIR,Siran,no explicit link,
MYSRK,"Sirikin, Sarawak",no explicit link,
MYSDR,"Sundar, Sarawak",conflicting or missing match,1737628
MYSRE,Sungai Rengit,conflicting or missing match,1732788
MYGTK,Sungei Tekai,no explicit link,
MYSXT,Taman Negara,conflicting or missing match,7796488
MYTTE,Tandjung Tengelili,no explicit link,
MYTBA,Tanjong Baran,no explicit link,
MYTKI,Tanjong Kidurong,no explicit link,
MYTAT,Tapis Terminal,no explicit link,
MYTWU,"Tawau, Sabah",conflicting or missing match,1734199;6301215
MYTAS,Telok Intan,conflicting or missing match,1735459
MYTRM,Telok Ramunia,conflicting or missing match,1732786
MYTEN,"Tengku, Sabah",no explicit link,
MYTOD,Tioman,conflicting or missing match,1734910
MYTMB,Tumbum,no explicit link,
MYWAL,"Wallace Bay, Sabah",conflicting or missing match,1734188
MYWES,"Weston, Sabah",conflicting or missing match,1733861
MZBCW,Benguera Island,conflicting or missing match,7730315
MZMFW,Magaruque,conflicting or missing match,1041965
MZMPM,Maputo,conflicting or missing match,1040652;11876720
NAADI,Arandis,conflicting or missing match,3358670;7668263
NAMQG,Midgard,no explicit link,
NAOKU,Mokuti Lodge,conflicting or missing match,7730549
NAMJO,Mount Etjo Lodge,conflicting or missing match,8260868
NAOGV,Ongava Game Reserve,conflicting or missing match,8299159
NCTON,Tontouta Apt,conflicting or missing match,8469107
NEBKN,Birni Nkoni,no explicit link,
NGBON,Bonny,conflicting or missing match,2346812;11876773
NGDEN,Denema,no explicit link,
NGESC,Escravos,no explicit link,
NGGRP,Greek Port,no explicit link,
NGLOA,Lagos Murtala Muhammed Apt,conflicting or missing match,2332458
NGORO,Oron,conflicting or missing match,2343093
NGOBO,Que Oboe Terminal/Eket,no explicit link,
NIRNI,Corn Island,conflicting or missing match,3620266
NLAJM,Anjum,conflicting or missing match,2759757
NLBGI,Bergerheide,no explicit link,
NLBEH,Bergh-Autoweg,no explicit link,
NLBGU,Bergum,conflicting or missing match,2759103
NLBKE,Berkel,conflicting or missing match,6929992
NLBMK,Boortmeerkerk,no explicit link,
NLDKP,De Kempen,no explicit link,
NLDRI,Driebergen,conflicting or missing match,2756619
NLENS,Enschede,conflicting or missing match,2756071;6296691;6621663
NLERI,Eric,no explicit link,
NLFJA,Fonejacht,no explicit link,
NLGZR,Gilzerijen,no explicit link,
NLHRL,Heerlen-Autoweg,no explicit link,
NLHNN,Heinen,no explicit link,
NLHGL,Hengelo,conflicting or missing match,2754394;6640133
NLKKO,Kakeshoek,no explicit link,
NLKMS,Krammersluizen,no explicit link,
NLLTS,Laatste Stuiver,no explicit link,
NLLGB,Landgoed Baest,no explicit link,
NLMEW,Meerlo-Wansum,no explicit link,
NLNWG,Nieuwegein,conflicting or missing match,2750324;2750325
NLOST,Oostrum,conflicting or missing match,2749343
NLOGN,Oud Gein,no explicit link,
NLRPL,Ramspol,no explicit link,
NLXXX,RIS Inland waterways,no explicit link,
NLRBO,Robbenoord,no explicit link,
NLROR,Rodenrijs,conflicting or missing match,6929992
NLRSL,Roompotsluis,no explicit link,
NLSCI,Schiedam,conflicting or missing match,2747596;11511637
NLSUD,Sint Cloud,no explicit link,
NLTOR,Torontostraat,no explicit link,
NLSTO,'t Stort,no explicit link,
NLVNE,Van Essen,no explicit link,
NLVHA,Veldriel,no explicit link,
NLVLL,Vlieland,conflicting or missing match,2749334
NLVGB,Voetangelbrug,no explicit link,
NLVDN,Vredenduin,no explicit link,
NLWTN,Warten,no explicit link,
NLWWR,Wijde Wormer,conflicting or missing match,2756938
NLWKG,Wolsumerketting,no explicit link,
NLZHU,Zevenhuizen (Friesland),conflicting or missing match,2743925
NLZHN,Zevenhuizen (Utrecht),conflicting or missing match,2743928
NLZGD,Zwaagdijk,conflicting or missing match,2743592
NLZWE,Zwaagwesteinde,conflicting or missing match,2743590
NOALN,Alnabru,no explicit link,
NOASY,Askoy,no explicit link,
NOBAR,Barum,conflicting or missing match,3162212
NOFSU,Fetsund,no explicit link,
NOFTL,Fortun-Luster,no explicit link,
NOFRE,Fraena,no explicit link,
NOHLY,Hafslundsoy,conflicting or missing match,9151462
NOHGN,Hagan,no explicit link,
NOHRE,Herre-Bamble,conflicting or missing match,3152862
NOHUR,Hurum,conflicting or missing match,3140636
NOKDT,Kalandseidet,no explicit link,
NOKLR,Kjeller,no explicit link,
NOKVN,Kvanangen,conflicting or missing match,779159
NOLIS,Lierstranda,no explicit link,
NOLYN,Lyngen,conflicting or missing match,780314
NOMAV,Malselv,conflicting or missing match,3145649
NOMYO,Myre-Oksnes,conflicting or missing match,3232860
NONRY,Naroy,conflicting or missing match,3145065
NONSS,Narsnes,conflicting or missing match,3145063
NONES,Nesflaten-Suldal,conflicting or missing match,3144697
NORLN,Raelingen,no explicit link,
NORMJ,Ramfjordnes,no explicit link,
NORNA,Rana,conflicting or missing match,3145614
NOSET,Sem-Tonsberg,conflicting or missing match,3139819
NOSJA,Senja,conflicting or missing match,3137714
NOSKL,Skanland,conflicting or missing match,3224350
NOSKS,Skatval-Stjordal,conflicting or missing match,11524805
NOSOF,Sorfold,conflicting or missing match,3153141
NOSTS,Storskog,no explicit link,
NOTAA,Tana,no explicit link,
NOTLG,Tjodalyng,no explicit link,
NOTSD,Torvastad,no explicit link,
NOTYF,Tysfjord,conflicting or missing match,3159045
NOTYV,Tysvar,conflicting or missing match,3133448
NOVAY,Vanylven,conflicting or missing match,3134969
NOYTR,Ytre Enebakk,no explicit link,
NPHRJ,Chaurjhari,no explicit link,
NPKAK,Kakarbitta,no explicit link,
NPLDN,Lamidanda,conflicting or missing match,7964777
NPXMG,Mahendranagar,conflicting or missing match,7668624
NPMWP,Mountain,conflicting or missing match,1282909
NPSYH,Syangboche,conflicting or missing match,7996898
NZGBZ,Great Barrier Is,conflicting or missing match,6249208
NZMNR,Middleton/Christchurch,conflicting or missing match,6220352
NZMOE,Moerewa,conflicting or missing match,6229241
NZMON,Mount Cook,conflicting or missing match,6943153
OMBYB,Dibaa,conflicting or missing match,8784245
OMMUT,Muthra,no explicit link,
OMOPQ,Port Qaboos,conflicting or missing match,286952
OMTTH,Thumrait,conflicting or missing match,6300108
PAMIT,Manzanillo,conflicting or missing match,12245218
PAPAY,Payardi,conflicting or missing match,3703246
PEGSM,General San Martin,conflicting or missing match,3931478
PEIQT,Iquitos,conflicting or missing match,3696183;11433863
PELPP,La Pampilla,conflicting or missing match,11525709
PESVY,Salaverry,conflicting or missing match,3692745;3692747
PEAPE,San Juan Aposento,no explicit link,
PESUP,Supe,conflicting or missing match,3931453;11525703
PETYL,Talara,conflicting or missing match,3691582;11525698
PGARP,Aragip,conflicting or missing match,8261057
PGBAP,Baibara,conflicting or missing match,2133918
PGBSP,Bensbach,conflicting or missing match,8260949
PGBIJ,Biliau,conflicting or missing match,2099488
PGCVB,Chungribu,conflicting or missing match,7730958
PGDLB,Dalbertis,conflicting or missing match,2098429
PGDOI,Doini,conflicting or missing match,2133660
PGEMI,Emirau,conflicting or missing match,2097686
PGFAQ,Freida River,conflicting or missing match,8298995
PGHYF,Hayfields,conflicting or missing match,7731099
PGIBI,Iboki,conflicting or missing match,2089708
PGIUS,Inus,conflicting or missing match,2095559
PGJAQ,Jacquinot Bay,conflicting or missing match,7731132
PGKPP,Kakapo,no explicit link,
PGKJU,Kamiraba,conflicting or missing match,8298698
PGKUY,Kamusi,conflicting or missing match,7731198
PGKAK,Kar,conflicting or missing match,2087553
PGKAF,Karato,conflicting or missing match,8260833
PGKVE,Kitava,conflicting or missing match,2093859
PGKOR,Kokoro,conflicting or missing match,8260981
PGKOM,Komo-Manda,conflicting or missing match,8848148
PGKGM,Kungum,conflicting or missing match,8299219
PGKWV,Kurwina,conflicting or missing match,8261026
PGLNG,Lese,conflicting or missing match,2092393
PGLOL,Loloho,no explicit link,
PGLOR,"Lorengau, Manus Island",conflicting or missing match,2092164
PGMFO,Manguna,conflicting or missing match,8299034
PGMPF,Mapoda,no explicit link,
PGMNP,Maron,conflicting or missing match,2091318
PGMFZ,Mesalia,conflicting or missing match,8298844
PGMWU,Mussau,conflicting or missing match,2090176
PGNDN,Nadunumu,conflicting or missing match,8299070
PGNUG,Nuguria,conflicting or missing match,2089428
PGROR,Orobay,no explicit link,
PGRVI,Russel Island,no explicit link,
PGSGJ,Sagarai,conflicting or missing match,2132610
PGSCH,Schauten,no explicit link,
PGSSS,Siassi,conflicting or missing match,8657213
PGSWR,Silur,conflicting or missing match,2086703
PGSOI,Sokar Island,no explicit link,
PGSMP,Stockholm,conflicting or missing match,7910450
PGSUZ,Suria,conflicting or missing match,8299033
PGTAI,Tambutyo Island,no explicit link,
PGTAU,Taugu Island,no explicit link,
PGTFA,Tilfalmin,no explicit link,
PGTLO,Tol,conflicting or missing match,7731550
PGWIU,Witu,conflicting or missing match,2091802
PGWOK,Woodlark,conflicting or missing match,2090163
PGWUV,Wuvulu Is,conflicting or missing match,8260924
PGKGH,Yongai,conflicting or missing match,8299002
PHAHE,Aheron/Ozamis,no explicit link,
PHAAV,Alah,conflicting or missing match,1685230;1731356;1731712
PHALA,Alasang/Siain,no explicit link,
PHALE,Aleran/Ozamis,no explicit link,
PHANA,Anakan/Masao,no explicit link,
PHANT,Antipolo,no explicit link,
PHAPR,"Aparri, Luzon",conflicting or missing match,1719689
PHBAB,Babato/Dadiangas,no explicit link,
PHBCD,"Bacolod, Negros",conflicting or missing match,1729564;8298629
PHBCO,Bacon/Legaspi,no explicit link,
PHBCU,Baculin/Mati,no explicit link,
PHBNQ,Baganga/Mati,no explicit link,
PHBGI,Bagui Bay/San Fernando,no explicit link,
PHBAI,Bais/Dumaguete,conflicting or missing match,1728772
PHBAL,Balaboe,no explicit link,
PHBLN,Balengan/Siain,no explicit link,
PHBQA,Baler/Siain,conflicting or missing match,1728265
PHBLT,Balintang/Puerto Princesa,no explicit link,
PHBLG,Balogo/Batangas,conflicting or missing match,1725243
PHBLU,Balumo/Zamboanga,no explicit link,
PHBNW,Banawan/Dadiangas,no explicit link,
PHBTY,Bantayon/San Jose,no explicit link,
PHBRT,Barton/Puerto Princesa,no explicit link,
PHBSY,Basey/Catbalogan,no explicit link,
PHBAS,Basiauang/Dadiangas,no explicit link,
PHBTN,"Bataan, Mariveles",conflicting or missing match,1700868
PHBTS,Batarasa/Puerto Princesa,no explicit link,
PHBYS,Bayabas/Bislig,no explicit link,
PHBYW,Bayawan/Dumaguete,no explicit link,
PHBYB,Baybay/Tacloban,conflicting or missing match,1725799
PHBPH,"Bislig, Mindanao",conflicting or missing match,1724768
PHBIY,Biyawa/Davao,no explicit link,
PHBLP,Bolos Point/Aparri,no explicit link,
PHBGR,Bucar Grande/Suriagao,no explicit link,
PHBUD,Budbud/Davao,no explicit link,
PHBUL,"Bulan, Luzon",no explicit link,
PHBXU,Butuan Bay/Masao,conflicting or missing match,1727447
PHCAB,Cabugao Bay/Legaspi,conflicting or missing match,1721419
PHCGY,"Cagayan de Oro, Mindanao",conflicting or missing match,1715074;1721080
PHCDY,Cagayan de Sulu,conflicting or missing match,1721077;7730761
PHCCG,Calag-Calag/Dumaguete,no explicit link,
PHCGT,Calaguitan/Tacloban,no explicit link,
PHCLP,Calapan/Batangas,conflicting or missing match,1720561;1720562
PHCDB,Caldera Bay/Zamboanga,no explicit link,
PHCWY,Calowayan/Catabalogan,no explicit link,
PHCGP,Calug Point/Zamboanga,conflicting or missing match,1720096
PHCML,Camalagawan/Aparri,no explicit link,
PHCAM,Camarines Norte/Jose Panganiban,conflicting or missing match,1710103
PHCGM,Camiguin Island/Aparri,conflicting or missing match,1719696
PHCNY,Canaybon/Catbalogan,no explicit link,
PHCNT,Cantilan/Surigao,conflicting or missing match,1718866
PHCPL,Capalonga/Siain,no explicit link,
PHCRG,Caraga/Mati,conflicting or missing match,1700352
PHCGG,Casiguran/Siain,no explicit link,
PHCSB,Casul Bay/Ozamis,no explicit link,
PHCTB,Catamon Bay/Iloilo,no explicit link,
PHCTS,"Catbalogan, Samar",conflicting or missing match,1717911
PHCVE,"Cavite, Luzon",conflicting or missing match,1717640
PHCLV,Claveria/Aparri,conflicting or missing match,1717348
PHCBO,"Cotabato, Mindanao",conflicting or missing match,1716767;1716771
PHCUR,Curuan/Zamboanga,conflicting or missing match,1716440
PHDCB,Dahikan Bay,no explicit link,
PHDVO,"Davao, Mindanao",conflicting or missing match,1715348
PHDPT,Diapitan/Siain,no explicit link,
PHDRB,Diaraboan/Siain,no explicit link,
PHDIC,Diculum/Zamboanga,conflicting or missing match,1714922
PHDID,Didadongan/Aparri,no explicit link,
PHDDW,Dinadiawan/Aparri,no explicit link,
PHDNG,Dinagat Island/Surigao,conflicting or missing match,1714793
PHDNL,Dinalongan/Siain,no explicit link,
PHDGL,Dingalan/Siain,no explicit link,
PHDIO,Diotorin/Siain,no explicit link,
PHDPL,Dipolog/Ozamis,conflicting or missing match,1714674;7910165
PHDIR,Dirgalan,no explicit link,
PHDIV,Divilacan/Aparri,no explicit link,
PHGAC,Gachitorena/Jose Panganiban,no explicit link,
PHGNI,General Island/Bislig,no explicit link,
PHGIN,Gingoog/Masao,conflicting or missing match,1712875
PHGMS,Guimaras/Iloilo,no explicit link,
PHHYB,Hagnava Bay,no explicit link,
PHHIJ,Hijo Wharf/Davao,no explicit link,
PHHNT,Hinatuan/Bislig,conflicting or missing match,1711655
PHHNG,Hinigaran/Iloilo,no explicit link,
PHHNB,Hinobaan/Iloilo,no explicit link,
PHHON,Hondagua/Siain,conflicting or missing match,1711537;1711538
PHHOO,Hook Bay/Siain,no explicit link,
PHIGN,"Iligan, Mindanao",conflicting or missing match,1711084;1711085
PHILO,"Iloilo, Panay",conflicting or missing match,1711005;6300496
PHIPE,Ipil/Zamboanga,conflicting or missing match,1710612;1710616
PHJNZ,Jimenez/Ozamis,conflicting or missing match,1710181
PHJPM,"Jose Panganiban, Luzon",no explicit link,
PHKAR,Karomatan/Iligan,no explicit link,
PHKAT,Katipunan/Ozamis,no explicit link,
PHKIA,Kiamba/Dadiangas,no explicit link,
PHKIL,Kilbay Point/Jose Panganiban,no explicit link,
PHKIN,Kinogitan/Iligan,no explicit link,
PHKIP,Kipit/Ozamis,no explicit link,
PHKIW,Kiwalan/Iligan,no explicit link,
PHKOL,Kolambugan/Iligan,no explicit link,
PHKUM,Kumalarang/Zamboanga,conflicting or missing match,1708431
PHLAY,Lagondy River,no explicit link,
PHLAG,Lagonoy/Jose Panganiban,no explicit link,
PHLAM,Lamit Bay/Jose Panganiban,no explicit link,
PHLAN,Lanuza/Bislig,no explicit link,
PHLPZ,La Paz/Iloilo,conflicting or missing match,1707334
PHLRP,La Rap/Jose Panganiban,no explicit link,
PHLIA,Lianga/Bislig,conflicting or missing match,1706781
PHLIB,Libjo/Surigao,conflicting or missing match,1706646
PHLIM,Limay/Bataan,conflicting or missing match,1706361
PHLIN,"Lingayen, Luzon",conflicting or missing match,1706188
PHLNK,Linik/Dadiangas,no explicit link,
PHLOM,Lomuyon/Dadiangas,no explicit link,
PHLOP,Long Point/Puerto Princesa,no explicit link,
PHLOO,Looc Bay/San Jose,no explicit link,
PHLUM,Lumasal/Dadiangas,no explicit link,
PHMCO,Maco/Davao,conflicting or missing match,1704271
PHMCJ,Macojalan/Ozamis,no explicit link,
PHMAD,Madaum/Davao,conflicting or missing match,1704166
PHMGA,Magalona/Iloilo,no explicit link,
PHMLS,Magellanes/Masao,conflicting or missing match,1704058;12196110
PHMGB,Magueda Bay/Catbalogan,no explicit link,
PHMAI,Maitum/Dadiangas,no explicit link,
PHMAK,Makar/Dadiangas,conflicting or missing match,1703423
PHMLL,Malalag/Davao,conflicting or missing match,1703187
PHMSB,Malasugat Bay/Zamboanga,conflicting or missing match,1703008
PHMSY,Manansalay/Batangas,no explicit link,
PHMNY,Manay/Mati,no explicit link,
PHMGG,Mangogoy/Bislig,conflicting or missing match,1701884
PHMVS,"Mariveles, Luzon",conflicting or missing match,1700868
PHMSC,Masinloc/Sual,no explicit link,
PHMAC,Matho Cortez/Bislig,no explicit link,
PHMXI,"Mati, Mindanao",conflicting or missing match,1700361
PHMTA,Matina Aplaya/Davao,conflicting or missing match,1700315
PHMCD,Mercedes/Jose Panganiban,no explicit link,
PHMIL,Milbuk/Dadiangas,no explicit link,
PHMIO,Misamis Occ./Ozamis,conflicting or missing match,1696899;1699494
PHMIC,Misamis Or./Cagayan de Oro,no explicit link,
PHMSS,Mission/Aparri,no explicit link,
PHMON,Monserrat/Mati,no explicit link,
PHMOR,Morong/Mariveles,no explicit link,
PHMUL,Mulanay/Siain,no explicit link,
PHNAB,Nabulao Bay/Iloilo,no explicit link,
PHNGH,Nagh,no explicit link,
PHNAL,Nalungga/Iloilo,no explicit link,
PHNAP,Napsan/Puerto Princesa,conflicting or missing match,9794407
PHNAR,Naris Point/Puerto Princesa,no explicit link,
PHNAS,Nasipit/Masao,conflicting or missing match,1698060
PHNID,Nido Terminal,no explicit link,
PHNON,Nonoc/Surigao Del Norte,conflicting or missing match,1697596
PHORA,Orayuita,no explicit link,
PHORC,Ormoc/Tacloban,conflicting or missing match,1697018;7668425
PHOTE,Oteiza/Bislig,no explicit link,
PHOZC,"Ozamis, Mindanao",conflicting or missing match,7668423
PHPDR,Pacio de Rozas/Batangas,no explicit link,
PHPAG,Pagadian/Zamboanga,conflicting or missing match,1696710;7668424
PHPLB,Palamit Bay/San Jose,no explicit link,
PHPLP,Palapag/San Jose,no explicit link,
PHPLW,Palawan/Ozamis,no explicit link,
PHPMT,Pamintayan/Zamboanga,conflicting or missing match,1695874
PHPAM,Pampanga,conflicting or missing match,1690039
PHPPL,Pamplona/Aparri,no explicit link,
PHPNB,Panabutan/Zamboanga,conflicting or missing match,1695799
PHPCN,Panacan/Davao,conflicting or missing match,1695752
PHPCA,Panacosa/Puerto Princesa,no explicit link,
PHPGT,Pangutaran/Jolo,no explicit link,
PHPNN,Paninirongan/Sanjose,no explicit link,
PHPAS,"Pasay, Luzon",no explicit link,
PHPIN,Pinamalayan/Batangas,no explicit link,
PHPLA,Plaridel/Ozamis,no explicit link,
PHPRO,Poro/San Fernando,conflicting or missing match,1690030
PHPBA,Port Barton/Palawan,conflicting or missing match,1692871
PHPPS,"Puerto Princesa, Palawan",conflicting or missing match,1692685;1692686
PHPUG,Pugad/Bislig,no explicit link,
PHPTL,Puntalinao/Mati,no explicit link,
PHPNT,Punti/Aparri,no explicit link,
PHQUE,Queson/Siain,no explicit link,
PHQUI,Quiddiao/Aparri,no explicit link,
PHQBL,Quinablagan/Mati,no explicit link,
PHQPT,Quipit Bay/Ozamis,no explicit link,
PHREA,Real/Siain,no explicit link,
PHRIZ,"Rizal, Luzon",conflicting or missing match,1691606
PHRXS,Roxas/Puerto Princesa,conflicting or missing match,6300499
PHSBB,Sabbot/Siain,no explicit link,
PHSBY,Sablayan/Batangas,no explicit link,
PHSAG,Sagay/Iloilo,no explicit link,
PHSCA,San Carlos/Dumaguete,no explicit link,
PHSFE,"San Fernando, Luzon",conflicting or missing match,1690063
PHSNG,Sangi/Cebu,conflicting or missing match,1689887
PHSIO,San Ignacio/Mati,no explicit link,
PHSIS,San Isidro/Sanjose,conflicting or missing match,1689740
PHSPQ,San Pio Quinto/Aparri,no explicit link,
PHSAN,Santa Ana/Aparri,no explicit link,
PHSCT,Santa Catalina/Dumaguete,no explicit link,
PHSCR,Santa Cruz/Sual,no explicit link,
PHSLU,Santa Lucia/Puerto Princesa,no explicit link,
PHSMA,Santa Maria/Zamboanga,conflicting or missing match,1692679
PHSTE,San Teodoro/Batangas,no explicit link,
PHSAS,Sasa/Davao,conflicting or missing match,1687140
PHSAY,Sayao/Batangas,no explicit link,
PHSIN,"Siain, Luzon",no explicit link,
PHSIR,Siari/Ozamis,no explicit link,
PHSIY,Siay/Zamboanga,conflicting or missing match,1686862
PHSDG,Sindangan/Ozamis,no explicit link,
PHXSO,Siocon/Zamboanga,conflicting or missing match,1686123
PHSGD,Sogod/Tacloban,no explicit link,
PHSOR,Sorsogon/Legaspi,conflicting or missing match,1685755
PHSFS,Subic Bay,conflicting or missing match,8504741
PHSKU,Sultan Kudarat/Dadiangas,no explicit link,
PHSUG,"Surigao, Mindanao",conflicting or missing match,1685218;1685219
PHTBG,Tabangoa,no explicit link,
PHTAC,"Tacloban, Leyte",conflicting or missing match,1684712;6300492
PHTBU,Tagabuli/Davao,conflicting or missing match,1684638
PHTAG,"Tagbilaran, Bohol",conflicting or missing match,1684497;1684498;11979349
PHTKW,Tagkawayan/Siain,no explicit link,
PHTGD,Tagudin/San Fernando,no explicit link,
PHTGL,Taguilon/Ozamis,no explicit link,
PHTGT,Taguite Bay/Zamboanga,no explicit link,
PHTLM,Talomo/Davao,conflicting or missing match,1683779
PHTGN,Tambungon/Davao,conflicting or missing match,1683494
PHTNU,Tanauan/Tacloban,no explicit link,
PHTDG,Tandag/Bislig,conflicting or missing match,1683303
PHTWT,Tawitawi,conflicting or missing match,7668422
PHTAY,Taytay/Puerto Princesa,no explicit link,
PHTIB,Tibungco/Davao,conflicting or missing match,1682376
PHTOB,Toboso/Dumaguete,no explicit link,
PHTLD,Toledo/Cebu,conflicting or missing match,1681602
PHTLG,Tolong/Dumaguete,no explicit link,
PHTLP,Tolopo,no explicit link,
PHTLS,Tolosa/Tacloban,no explicit link,
PHTGI,Tuguis/Dadiangas,no explicit link,
PHTGW,Tungawan Bay/Zamboanga,no explicit link,
PHULY,Ulugan Bay,no explicit link,
PHURR,Umrur,no explicit link,
PHVCS,"Victorias, Negros",conflicting or missing match,1680007
PHVTO,Vito/Iloilo,conflicting or missing match,1705565
PHWAS,Wasag/Dadiangas,no explicit link,
PHWAW,Wawa/Batangas,conflicting or missing match,1679648
PKBAG,Bagh/AJK,no explicit link,
PKGAD,Gadoon,no explicit link,
PKHRU,Haripur Hazara,no explicit link,
PKHSN,Hassanabdal,no explicit link,
PKHUB,Hub,conflicting or missing match,10340586
PKKYC,Karachi City,conflicting or missing match,7045974
PKKBU,Keti Bunder,no explicit link,
PKKHC,Kohat Cantt,no explicit link,
PKKOL,Kotli/AJK,no explicit link,
PKLLM,Lala Mosa,no explicit link,
PKLRG,Lora Lai,conflicting or missing match,7730752
PKMPD,Mirpur Khas (= Sindhri),conflicting or missing match,8298744
PKMGP,Mogulpura/Lahore,no explicit link,
PKMJD,Mohenjodaro,conflicting or missing match,7668401
PKMXC,Multan City,no explicit link,
PKNSR,Nowshera,conflicting or missing match,1341204
PKOKC,Okara Cantt,no explicit link,
PKPCT,Pakistan International Container Terminal/Karachi,conflicting or missing match,11524869
PKPAJ,Para Chinar,conflicting or missing match,1343232
PKPSC,Peshawar Cantt,no explicit link,
PKPSH,Peshawar City,no explicit link,
PKPON,Poonch/AJK,no explicit link,
PKQCT,Qasim International Container Terminal/Karachi,conflicting or missing match,11524303
PKRCS,Risalpur Cantt,no explicit link,
PKSMA,Samasata,no explicit link,
PKZEO,Savi Ragha,no explicit link,
PKSYW,Sehwen Sharif,conflicting or missing match,7668406
PKSXG,Serai Alamgir,no explicit link,
PKSDR,Shahdara Bagh,no explicit link,
PKSKO,Shorkot Cantt,no explicit link,
PKTXA,Taxilla,no explicit link,
PKTOR,Torkham,no explicit link,
PLCEL,Celestynow,no explicit link,
PLCIC,Ciche,conflicting or missing match,774223
PLDZE,Dobrzykowice Wroclawskie,no explicit link,
PLDLN,Doluje,no explicit link,
PLGOG,Gogolin,no explicit link,
PLGSL,Gora Slaska,no explicit link,
PLRIA,Krobia,no explicit link,
PLKCL,Kucelinska,no explicit link,
PLMIA,Modlinica,no explicit link,
PLOAI,Omianki,no explicit link,
PLXXX,RIS Inland waterways,no explicit link,
PLRKK,Rokiciny - Kolonia,conflicting or missing match,3087046
PLRGZ,Rudna gwizdanow,no explicit link,
PLSKO,Slawko,no explicit link,
PLSZY,Szymany,conflicting or missing match,757906
PNPCN,Pitcairn Is,no explicit link,
PRLAM,Las Mareas (Guayama),conflicting or missing match,4565954
PTCXP,Charneca da Caparica,conflicting or missing match,2270534
PTCOR,Coronado-Sao Mamede,conflicting or missing match,2734431
PTLXA,Lixa,conflicting or missing match,2738055
PTMAL,Maceira Lis,no explicit link,
PTPDB,Pacos de Brandado,no explicit link,
PTEAS,Santa Eulalia de Arnoso,conflicting or missing match,2742707
PTSMI,Sao Miguel,conflicting or missing match,2734395
PYFNX,Fenix,conflicting or missing match,12195603
PYVMI,Vallemi,conflicting or missing match,7731605
QAHNA,Hanna,no explicit link,
ROAPA,Apahida,no explicit link,
ROBPU,Baneasa Apt/Bucuresti,conflicting or missing match,6299701
ROBBU,Bucuresti-Baneasa Apt,conflicting or missing match,6299701
ROBUB,Bucuresti Basarab,no explicit link,
ROBUI,Bucuresti Intrepozite,no explicit link,
ROBUN,Bucuresti Nord,no explicit link,
RODIN,Dinkelsbuhl,no explicit link,
RODGV,Draganesti-Vlasca,no explicit link,
ROGAT,Galati Transbordare,no explicit link,
ROGRN,Giurgiu Nord,no explicit link,
ROJUD,Jud. Maramures,conflicting or missing match,673887
ROLAS,Lasi,no explicit link,
RONIN,Nicolina,no explicit link,
ROPDM,Poienarii de Muscel,conflicting or missing match,670234
ROREN,Resita Nord,no explicit link,
RORES,Resita Sud,no explicit link,
ROXXX,RIS Inland waterways,no explicit link,
ROSUN,Suceava Nord,no explicit link,
ROTSN,Timisoara Nord,no explicit link,
ROVAM,Valea Luimihai,no explicit link,
RSBSA,Baracka,no explicit link,
RSXXX,RIS Inland waterways,no explicit link,
RUARH,Arkhangelsk,conflicting or missing match,581049;11361348
RUARM,Arman (Magadan),conflicting or missing match,2127060
RUAZO,Azov,conflicting or missing match,580054;11361380
RUBLT,Baltiysk,conflicting or missing match,2609906;11361385
RUBKH,Bektyashka,conflicting or missing match,500483
RUBEM,Belomorsk,conflicting or missing match,577921;577922
RUBER,"Beringovskiy, Port",conflicting or missing match,11361390
RUCIH,Chikacheva,conflicting or missing match,2126174
RUCKL,Chkalovsky,conflicting or missing match,8030055
RUCKH,Chokurdah,conflicting or missing match,7668497
RUDKA,De-Kastri,conflicting or missing match,2126018;11361369
RUDUD,Dudinka,conflicting or missing match,1507116;11886630
RUEIE,Eniseysk,conflicting or missing match,6300985
RUGRH,Gremikha,conflicting or missing match,11361356
RUKGD,Kaliningrad,conflicting or missing match,554234;11361386
RUKAN,Kandalaksha,conflicting or missing match,553190;11361354
RUHYR,Khyrov,no explicit link,
RUKSL,Kislaya Guba,no explicit link,
RUKLR,Klinsky Rayon,no explicit link,
RUKOR,Korsakov,conflicting or missing match,2124286;11361373
RULAZ,Lazarev,conflicting or missing match,2123836;11361361
RULPK,Lipetsk (Lipeck),conflicting or missing match,535121
RULKA,Luzhaika,no explicit link,
RUMAG,"Magadansky, Port",no explicit link,
RUMVO,Moskalvo,conflicting or missing match,2123174;11361362
RUMMK,Murmansk,conflicting or missing match,524305;11361357
RUNJK,Nakhodka,conflicting or missing match,2019528;11361366
RUNIA,Nikolayevsk-na-Amure,conflicting or missing match,2122850
RUGOJ,Nizhniy Novgorod (ex Gorkiy),conflicting or missing match,520555;6301021
RUNVR,Novgorod,conflicting or missing match,520555
RUOLG,"Olenya, Guba",no explicit link,
RUONG,Onega,conflicting or missing match,515246;11361350
RUORL,Or'ol,no explicit link,
RUPWE,Pevek,conflicting or missing match,2122090;11361345
RUPYJ,Polyarnyj,conflicting or missing match,6300927
RUPRN,Poronaisk,conflicting or missing match,11361372
RUPRI,Primorsk (Koivisto),conflicting or missing match,505269;11361383
RUPVX,Provedenia,no explicit link,
RURAT,Raduzhnyi,conflicting or missing match,7668536
RUSEW,Severodvinsk,conflicting or missing match,496285;11361349
RUSVO,Sheremetyevo Apt/Moscow,conflicting or missing match,494811
RUSPA,"Spafaryeva, O",no explicit link,
RUSWT,Strzhewoi,conflicting or missing match,8531890
RUTAG,Taganrog,conflicting or missing match,484907;11361378
RUTRR,Trifonov Ruchey,no explicit link,
RUUGL,Uglegorsk,conflicting or missing match,2120261;11361376
RUVUS,Velikij Ustyug,conflicting or missing match,476062
RUVKO,Vnukovo Apt/Moscow,conflicting or missing match,6301018
RUVZB,"Vozrozhdeniya, Bukhta",no explicit link,
RUVYG,Vyborg,conflicting or missing match,470546;11361381
RUYAB,Yagelnaya Bukhta,no explicit link,
RUZAO,"Zavyalova, O",no explicit link,
RUZEM,Zeleniy Mys,no explicit link,
RUZHL,Zheleznodorozhniy,no explicit link,
SAABT,Al Baha,conflicting or missing match,6300010
SAAJF,Jouf,conflicting or missing match,399410
SAMAN,Manailih,no explicit link,
SAMUF,Manfouha,no explicit link,
SAQAL,Qalsn,no explicit link,
SASUH,Salboukh,no explicit link,
SASAL,Salwa,no explicit link,
SAAWI,Waisumah,no explicit link,
SAEJH,Wedjh,conflicting or missing match,6300032
SAZUY,Zulayfayn,conflicting or missing match,100285
SBALB,"Allardyce Harbour, Sta Isabel Is",no explicit link,
SBAOB,Aola Bay,no explicit link,
SBAKS,"Auki, Malaita Is",conflicting or missing match,2109701
SBAVU,"Avu Avu, Guadalcanal Is",no explicit link,
SBGEF,Geva,conflicting or missing match,7730404
SBHIR,"Honiara, Guadalcanal Is",conflicting or missing match,2108502
SBIRA,"Kirakira, San Cristobal Is",conflicting or missing match,7668067
SBKWS,Kwailabesi,conflicting or missing match,8298985
SBLOF,Lofung,no explicit link,
SBRUS,"Marau Sound, Guadalcanal Is",conflicting or missing match,7668071
SBMBU,"Mbambanakira, Guadalcanal Is",conflicting or missing match,2113451
SBMUA,"Munda, New Georgia",conflicting or missing match,6295681
SBNOR,"Noro, New Georgia",conflicting or missing match,2104863
SBONE,"Onepusu, Malaita Island",no explicit link,
SBPRS,"Parasi, Malaita Island",conflicting or missing match,7730405
SBSCZ,Santa Cruz Is,conflicting or missing match,6295680
SBTLG,"Tulagi, Ngella",conflicting or missing match,2102384;2102385;8298963
SBVIU,Viru Harbour,conflicting or missing match,7731603
SDDNX,Dinder,conflicting or missing match,7668300
SDEDB,Eldebba,conflicting or missing match,7668299
SDPZU,Port Sudan,conflicting or missing match,377039;6297346
SDRSS,Roseires,conflicting or missing match,378459
SDSWA,Swakin,no explicit link,
SEAGO,Ago,conflicting or missing match,2727386
SEANK,Ankarsvik,no explicit link,
SEARN,Arlanda Apt/Stockholm,conflicting or missing match,2725346
SEARK,Arnoviken,no explicit link,
SEAAS,Aseda,no explicit link,
SEBBE,Baberg,no explicit link,
SEBMA,Bromma Apt/Stockholm,conflicting or missing match,2719114
SEBYS,Byske (Brannfors),no explicit link,
SEFAK,Fagervik,no explicit link,
SEFLM,Flemingsberg/Stockholm,conflicting or missing match,7118038
SEGVN,Gravarne,no explicit link,
SEGRT,Grytgol,no explicit link,
SEGUN,Gunnebo,no explicit link,
SEHAB,Habo,no explicit link,
SEHGR,Hagersten/Stockholm,conflicting or missing match,2709227
SEAGH,Helsingborg-Angelholm Apt,conflicting or missing match,2725901;6452618
SEJAT,Jatterson,no explicit link,
SEKAK,Karlsvik,no explicit link,
SEKVH,Kopparverkshamnen,no explicit link,
SEKUB,Kubikenborg,no explicit link,
SELAM,Lammhult,no explicit link,
SELAN,Langasjo,no explicit link,
SELOU,Loudden/Stockholm,conflicting or missing match,2694051
SEMAN,Marsviken,no explicit link,
SENCS,Nacka Strand,conflicting or missing match,12196108
SENBG,Norberg,no explicit link,
SENJA,Norrbottens Jarnverk-SSAB,no explicit link,
SENOR,Norrbyskar,no explicit link,
SENHN,Nyhamn,no explicit link,
SEOAX,Oaxen,no explicit link,
SEROV,Ronnskarsverken,no explicit link,
SESBV,Satra Brunn,no explicit link,
SESKH,Skarholmen/Stockholm,conflicting or missing match,2678127
SESKK,Skonvik,no explicit link,
SESUN,Sund,conflicting or missing match,2685239
SESVI,Svinesund,no explicit link,
SETYF,Torsby,conflicting or missing match,2667873
SETVK,Torsvik,no explicit link,
SEVHE,Vasterhaninge,conflicting or missing match,8132063
SEVIN,Vindeln,no explicit link,
SHTDC,Tristan da Cunha,conflicting or missing match,3370751
SIJAR,Jarenina,no explicit link,
SISVN,Svenica,no explicit link,
SKBCK,Beckov,no explicit link,
SKBAB,Bratislava Port,conflicting or missing match,11524186
SKBAA,Devinska Nova Ves/Bratislava,conflicting or missing match,3077170
SKDOM,Domica,no explicit link,
SKDRI,Drietoma,no explicit link,
SKHKS,Haniska pri Kosiciach,no explicit link,
SKHSM,Horne Srnie,no explicit link,
SKHOS,Hostovce,conflicting or missing match,724670
SKKLO,Klokocov,no explicit link,
SKLMH,Luky p Makytou-Horni Lidec,no explicit link,
SKLMS,Lysa pod Makytou-Strelna,no explicit link,
SKMHB,Makov-Horni Becva,no explicit link,
SKMVA,Matovske Vojkovske,no explicit link,
SKMYV,Myjava-Vrbovce,no explicit link,
SKNOB,Nova Bosaca,no explicit link,
SKBRP,Petrzalka/Bratislava,conflicting or missing match,3058213
SKPOM,Podzavoz (Milosova),no explicit link,
SKTAT,Poprad/Tatry,conflicting or missing match,6299789
SKXXX,RIS Inland waterways,no explicit link,
SKRSV,Rusovce/Bratislava,conflicting or missing match,3057792
SKSIB,Siatorska Bukovinka,no explicit link,
SKSKZ,Skalite-Zwardon,no explicit link,
SKSSA,Slovenske Nove Mesto,no explicit link,
SKSVR,Srvcinovec,no explicit link,
SKTBE,Trencianske Bohuslavice,no explicit link,
SKUBL,Ubla,no explicit link,
SKVEK,"Vefky Kamenec, Pacin",no explicit link,
SLMUT,Muta,no explicit link,
SLSBO,Sherbro,conflicting or missing match,2403861
SLSRK,Sierra Leone Apt,no explicit link,
SMGAL,Galazzano,no explicit link,
SNDKR,Dakar,conflicting or missing match,2253352;2253354
SNMBA,M'bao Terminal,no explicit link,
SOBSA,Bossaso,conflicting or missing match,64013;9180412
SOGBM,Garbaharey,conflicting or missing match,9179668
SRKCB,Kasikasima,conflicting or missing match,3383915
SRLDO,Ladouanie,conflicting or missing match,3383756
SRMOJ,Moengo,conflicting or missing match,3383494;11525690
SRICK,Nieuw Nickerie,conflicting or missing match,3383427;11525691
SROEM,Paloemeu,conflicting or missing match,3382808
SRPBM,Paramaribo,conflicting or missing match,3383330;11525692
SRPRM,Paranam,conflicting or missing match,3383327;11525693
STPCP,Principe,conflicting or missing match,2410877;6297078
STTMS,Sao Tome Island,conflicting or missing match,2410763
SVBEL,Belfast,no explicit link,
SVTUE,Moncagua,no explicit link,
SYALP,Aleppo (Alep),conflicting or missing match,170063
SYDAM,Damascus (Damas),conflicting or missing match,170654;6300128
SYKAC,Kameshli,conflicting or missing match,6300130
TGKPE,Kpeme,conflicting or missing match,2365560
TGLRL,Niamtougou - Lama-Kara,conflicting or missing match,6296479
THKAM,Kamuting,no explicit link,
THSAS,Samulsakom,no explicit link,
THSKW,Sre Kaew,no explicit link,
TMCRZ,Tchardjou,conflicting or missing match,7730201
TMTMZ,Termez,no explicit link,
TNASH,Ashtart Terminal,no explicit link,
TNDJE,Djerba,conflicting or missing match,2470181;2470384;6296470
TNKER,Kerkena,no explicit link,
TRADA,Adana,conflicting or missing match,325363;6299727
TRALI,Aliaga,conflicting or missing match,324106;11361436
TRAMA,Amasra,no explicit link,
TRBOG,Bogazagzi,no explicit link,
TRSZF,Carsamba Apt/Samsun,conflicting or missing match,6299772
TRESB,Esenboga Apt/Ankara,conflicting or missing match,6299725
TRGEL,Gelibolu,conflicting or missing match,746983;11361393
TRHAR,Haramidere,no explicit link,
TRHAY,Haydarpasa,conflicting or missing match,745705;11361410
TRKPU,Kapikule,no explicit link,
TRKCO,Kocaeli,conflicting or missing match,6299754
TRKOC,Kusukkuyu,no explicit link,
TRMQJ,Merkez Apt/Balikesir,no explicit link,
TRMKP,Mustafa Kemalpasa,no explicit link,
TRNEM,Nemrut Bay,conflicting or missing match,11361422
TRODU,Odunluk,no explicit link,
TRPAZ,"Pazarkule,",no explicit link,
TRRAM,Raman,no explicit link,
TRSFQ,Sanliurfa,conflicting or missing match,6299766;7539717
TRSER,Serviburun,no explicit link,
TTLAB,La Brea (Brighton),no explicit link,
TTPTP,Pointe a Pierre,conflicting or missing match,3573902;11433864
TTPTF,Point Fortin,conflicting or missing match,3573899;11525721
TTSCA,Scarborough/Tobago,conflicting or missing match,3573703
TTTEM,Tembladora,conflicting or missing match,3573618;11525722
TTTAB,Tobago,conflicting or missing match,3573591
TVFUN,Funafuti,conflicting or missing match,2110385;2110394;6299953
TWCMJ,Chi Mei,conflicting or missing match,1669695
TWCLI,Chung-Li,conflicting or missing match,1677214
TWHTC,Hsin-t'ien,conflicting or missing match,1675446
TWKHH,Kaohsiung,conflicting or missing match,1673820;11494325
TWKEL,Keelung (Chilung),conflicting or missing match,1678228;11494339
TWSIJ,Sijhih,no explicit link,
TWSUO,Suao,conflicting or missing match,1668725;11494336
TWSMT,Sun Moon Lake,no explicit link,
TWWOT,Wonan,conflicting or missing match,6587072
TWWUK,Wu-ku,conflicting or missing match,1673380
TWYGE,Ying-Ge,no explicit link,
TZLKY,Lake Manyara,conflicting or missing match,6354961
TZMFA,Mafia,conflicting or missing match,7388080
TZMIC,Michiuja,no explicit link,
TZMIK,Mikindani,conflicting or missing match,877747;877933
TZMKO,"Mkokotoni, Zanzibar",conflicting or missing match,153585
TZMTS,Mtsora,no explicit link,
TZRIJ,Rijiju,no explicit link,
TZTUN,Tunduna,no explicit link,
UAKBP,Borispol Intl Apt/kiev,conflicting or missing match,6300952
UACCI,Chop-Chierna,no explicit link,
UACZA,Chop-Zakhon,no explicit link,
UAGOR,Gorenka,no explicit link,
UGKBG,Kabalega Falls,conflicting or missing match,7668304
UGYMB,Yumbe,no explicit link,
USAPG,Aberdeen,conflicting or missing match,8081458
USXBA,Aberdeen,no explicit link,
USACR,Ackerman,no explicit link,
USADK,Adak Island/Adak Apt,conflicting or missing match,5878817;6300161
USUAX,Agoura,conflicting or missing match,5322553
USAIE,Aiea (Oahu),no explicit link,
USAKO,Akron,conflicting or missing match,5574204
USALB,Albany,conflicting or missing match,5106834;11886729
USCVO,Albany-Corvallis Apt,conflicting or missing match,5720730
USAXN,Alexandria,conflicting or missing match,5020871
USESF,Alexandria,conflicting or missing match,4314531
USAIV,Aliceville,conflicting or missing match,4063983
USAIA,Alliance,conflicting or missing match,5693178
USAMN,Alma,conflicting or missing match,4994536
USAZB,Alvarado,conflicting or missing match,5392171
USAOS,Amook,conflicting or missing match,5879295
USXBD,Ampthill,conflicting or missing match,4744355
USAKP,Anaktuvuk,conflicting or missing match,5879390
USAAB,Anamosa,no explicit link,
USAND,Anderson,conflicting or missing match,4569314
USAIB,Anita Bay,conflicting or missing match,8299096
USANN,Annette Island,conflicting or missing match,5844411
USANY,Anthony,conflicting or missing match,4267608
USARI,Arcadia,conflicting or missing match,7260157
USARR,Arleta,no explicit link,
USHTS,Ashland-Huntington Apt,conflicting or missing match,4825023
USASY,Ashley,conflicting or missing match,5058138
USMMI,Athens,conflicting or missing match,4640874
USATP,Atlas Point,no explicit link,
USABM,Auburn,conflicting or missing match,4984565
USAUN,Auburn,conflicting or missing match,5325232
USAUO,Auburn,conflicting or missing match,4830825
USLEW,Auburn-Lewiston Apt,conflicting or missing match,4956993
USAGS,Augusta,conflicting or missing match,4185424
USAUR,Aurora,conflicting or missing match,5115704
USASQ,Austin,conflicting or missing match,5499538
USAUM,Austin,conflicting or missing match,5016894
USAVC,Avon Lake,no explicit link,
USBBY,Babylon,conflicting or missing match,5143630
USBGE,Bainbridge,conflicting or missing match,4191129
USBKE,Baker,conflicting or missing match,5712208
USBWI,Baltimore-Washington Int Apt,conflicting or missing match,4347822
USXBQ,Baraboo,conflicting or missing match,5278411
USNAX,Barbers Point (Oahu),conflicting or missing match,5847638;5857190
USBNL,Barnwell,conflicting or missing match,4570021
USBSZ,Bartletts,conflicting or missing match,5880068
USHLB,Batesville,conflicting or missing match,4258943
USBBC,Bay City,conflicting or missing match,4672665
USMBS,Bay City-Saginaw-Midland Apt,conflicting or missing match,5012574
USBPX,Bayport,no explicit link,
USBCC,Bear Creek,conflicting or missing match,5880392
USBTY,Beatty,conflicting or missing match,5499839
USBPT,Beaumont,conflicting or missing match,4672989;11886697
USBFP,Beaver Falls,conflicting or missing match,5179455
USBED,Bedford,conflicting or missing match,4945121
USBFR,Bedford,conflicting or missing match,4266314
USBLB,Belair,no explicit link,
USPSB,Bellefonte-Clearfield Apt,conflicting or missing match,5200920
USBCF,Belle Glade,conflicting or missing match,4147242
USKBE,Bell Island,conflicting or missing match,5844674
USBT7,Beloit,conflicting or missing match,4911830
USRDM,Bend-Redmond Apt,conflicting or missing match,5748654
USBTN,Bennettsville,conflicting or missing match,4586302
USBRB,Berlin,conflicting or missing match,5264381
USBRI,Berlin,conflicting or missing match,5128465
USBTG,Bethel,conflicting or missing match,5180199
USBNS,Bether Springs,no explicit link,
USBVY,Beverly,conflicting or missing match,4930505;4930524
USBGQ,Big Lake,conflicting or missing match,5880670
USBMX,Big Mountain,conflicting or missing match,5880663
USBPI,Big Piney,conflicting or missing match,5818709
USBGM,Binghamton-Endicott-Johnson City Apt,conflicting or missing match,5109179
USKBC,Birch Creek,conflicting or missing match,5857431
USBSQ,Bisbee,conflicting or missing match,5284913
USBS2,"Blackshear, Pierce",conflicting or missing match,4183305
USBWL,Blackwell,conflicting or missing match,4535485
USBLH,Blythe,conflicting or missing match,5329650
USBOZ,Bonger,no explicit link,
USBSN,Boston,conflicting or missing match,4786522
USBYA,Boundary,conflicting or missing match,5857950
USBOX,Bow,conflicting or missing match,5083685
USAPH,Bowling Green,conflicting or missing match,8112901
USSRQ,Bradenton-Sarasota Apt,conflicting or missing match,6299118
USBDF,Bradford,conflicting or missing match,4907610
USPWT,Bremerton,conflicting or missing match,5788054;11886734
USBXJ,Brewton,conflicting or missing match,4059831
USTTO,Britton,conflicting or missing match,5226525
USBV2,"Broadview, Summit",conflicting or missing match,5148269
USBOK,Brookings,conflicting or missing match,5715909
USBKR,Brookley,no explicit link,
USBKF,Brooks Lake,conflicting or missing match,5415293
USRBH,Brooks Lodge,conflicting or missing match,5867071
USBKJ,Brooksville,conflicting or missing match,4166124
USBQN,Brownstown,conflicting or missing match,4987176
USBT2,"Bryant, Hamlin",conflicting or missing match,5226577
USBCE,Bryce,conflicting or missing match,5535946
USBYG,Buffalo,conflicting or missing match,5828952
USBYP,Burley,no explicit link,
USBYI,Burley-Rupert Apt,conflicting or missing match,5587380
USBRL,Burlington,conflicting or missing match,4849845
USBNO,Burns,conflicting or missing match,5716842
USBUM,Butler,conflicting or missing match,4379345
USCAD,Cadillac,conflicting or missing match,5014730
USCIR,Cairo,conflicting or missing match,4234986
USCDW,Caldwell,conflicting or missing match,5097708
USCWG,Callaway Gardens,conflicting or missing match,4185703
USCTO,Calverton,conflicting or missing match,6326944
USCMW,Camano Is.,no explicit link,
USCGE,Cambridge,conflicting or missing match,4350190
USCMB,Cambridge,no explicit link,
USCDH,Camden,conflicting or missing match,4113887
USCDN,Camden,conflicting or missing match,4601592
USCXM,Cameron,conflicting or missing match,4678379
USVOK,Camp Douglas,conflicting or missing match,6299246
USADC,Camphill,no explicit link,
USCZZ,Campo,conflicting or missing match,5323810
USCAR,Caribou,conflicting or missing match,4960164
USCQI,Carlisle,conflicting or missing match,7164594
USCMZ,Carmel,conflicting or missing match,7258078
USMRY,Carmel-Monterey Apt,conflicting or missing match,5374415
USCMV,Carmel Valley,conflicting or missing match,5334312
USCIN,Carroll,conflicting or missing match,4847220
USQTA,Catalina,conflicting or missing match,5288786
USCTQ,Catawba,conflicting or missing match,4474841
USCWS,Center Island,conflicting or missing match,5789642
USGHM,Centerville,conflicting or missing match,4612472
USENL,Centralia,conflicting or missing match,4235594
USCNU,Chanute,conflicting or missing match,4269395
USCCY,Charles City,conflicting or missing match,4851170
USCYM,Chatham,conflicting or missing match,5845284
USCKK,Cherokee,conflicting or missing match,4105435
USCSR,Chester,conflicting or missing match,5132002
USCUT,Chestnut,no explicit link,
USCII,Chili,conflicting or missing match,5112523
USHIB,Chisholm-Hibbing Apt,conflicting or missing match,5021092
USCKW,Choctaw,conflicting or missing match,4421536
USCI2,Cincinnati,conflicting or missing match,4287797
USIRC,Circle,conflicting or missing match,5859417
USCKB,Clarksburg,conflicting or missing match,4798621
USVXJ,Claves,no explicit link,
USCAO,Clayton,conflicting or missing match,5462285
USCFT,Clifton,conflicting or missing match,5296838
USCNC,Clinton,conflicting or missing match,4989133
USCWI,Clinton,conflicting or missing match,4852045
USCFA,Coffee Point,conflicting or missing match,8299203
USCBK,Colby,conflicting or missing match,5445199
USCOM,Coleman,conflicting or missing match,4682404
USKCR,Colorado Creek,conflicting or missing match,5859731
USCOA,Columbia,conflicting or missing match,5338801
USMRC,Columbia,conflicting or missing match,4640042
USCLU,Columbus,conflicting or missing match,4256039
USOLU,Columbus,conflicting or missing match,5066019
USUBS,Columbus,conflicting or missing match,4422453
USCVC,Comstock,conflicting or missing match,4989432
USCCR,Concord,conflicting or missing match,5331283
USCNK,Concordia,conflicting or missing match,4268433
USCQP,Connellsville,conflicting or missing match,4561342
USCEV,Connersville,conflicting or missing match,4261297
USJLA,Cooper Lodge,conflicting or missing match,5872308
USCOP,Cooperstown,conflicting or missing match,5113666
USCZC,Copper Centre,conflicting or missing match,5859851
USCRO,Corcoran,conflicting or missing match,5339518
USXEM,Corinth,conflicting or missing match,4645003
USCBA,Corner Bay,no explicit link,
USCEZ,Cortez,conflicting or missing match,5418118
USCZB,Corydon,conflicting or missing match,4256178
USCTW,Cottonwood,conflicting or missing match,5291035
USCIL,Council,conflicting or missing match,5859956
USCBJ,Country Side,no explicit link,
USCVQ,Covina,conflicting or missing match,5407933
USCIG,Craig,conflicting or missing match,5576076
USCKN,Crookston,conflicting or missing match,5023468
USCTY,Cross City,conflicting or missing match,4152389
USCRT,Crossett,conflicting or missing match,4124039
USCYE,Crystal Lake,no explicit link,
USDFW,Dallas-Fort Worth Int Apt,conflicting or missing match,4684943
USDLR,Dal-nor,no explicit link,
USDGB,Danger Bay,conflicting or missing match,8693083
USDVE,Davie,conflicting or missing match,4463082
USDVV,Davisville,conflicting or missing match,5221745
USDTH,Death Valley,conflicting or missing match,5342052
USDCR,Decatur,conflicting or missing match,4919565
USWDB,Deep Bay,no explicit link,
USDPA,Deerpark,no explicit link,
USDFX,Defense,no explicit link,
USDLE,Delisle,no explicit link,
USDRJ,Delran,conflicting or missing match,5097222
USDVL,Devils Lake,conflicting or missing match,5058871
USDEW,Dewitt,conflicting or missing match,5114621
USDIK,Dickinson,conflicting or missing match,5688783
USDIO,Diomede Island,conflicting or missing match,5867516
USDXC,Dixon,conflicting or missing match,7261725
USDOE,Doe Run,no explicit link,
USDMZ,Dominguez,conflicting or missing match,5344817
USDGW,Douglas/Converse,conflicting or missing match,5821792
USDOV,Dover-Cheswold,conflicting or missing match,7726518
USDYL,Doylestown,conflicting or missing match,5187250
USDRU,Drummond,conflicting or missing match,5649156
USDBN,Dublin,conflicting or missing match,4228567
USPSK,Dublin,conflicting or missing match,4775918
USDBS,Dubois,conflicting or missing match,5591646
USDUF,Duck,conflicting or missing match,4483779
USIAD,Dulles Int Apt/Washington,conflicting or missing match,4792325
USDUM,Dunn,no explicit link,
USRDU,Durham-Raleigh Apt,conflicting or missing match,4487056
USEAA,Eagle,conflicting or missing match,5861127
USEGV,Eagle River,conflicting or missing match,5251175
USEZV,East Danville,no explicit link,
USEGO,East Goshen,conflicting or missing match,4557726
USHTO,East Hampton,conflicting or missing match,5115872
USESN,Easton,conflicting or missing match,4353968
USESW,Easton,conflicting or missing match,5793300
USEGM,Edgemont,conflicting or missing match,4557746
USEDD,Edgewood,conflicting or missing match,5097526
USEFB,Eight Fathom Bight,conflicting or missing match,8298955
USECQ,El Cerrito,conflicting or missing match,5345624
USEDK,El Dorado,conflicting or missing match,4270869
USEKN,Elkins,conflicting or missing match,4810204
USEMB,Embarcadero/San Francisco,conflicting or missing match,5323631
USEMP,Emporia,conflicting or missing match,4271092
USETS,Enterprise,conflicting or missing match,4060806
USEPH,Ephrata,conflicting or missing match,5793836
USEEX,Essex,conflicting or missing match,7257367
USESB,Estero Bay,conflicting or missing match,5346915
USEUE,Eureka,conflicting or missing match,5503807
USEVW,Evanston,conflicting or missing match,5824809
USEXG,Evergreen,conflicting or missing match,5794008
USEWH,Ewa Beach (Oahu),no explicit link,
USFAE,Fairfield,conflicting or missing match,4621447
USFFL,Fairfield,conflicting or missing match,4855981
USFRM,Fairmont,conflicting or missing match,5026123
USRPY,Fair Play,conflicting or missing match,7175032
USNFL,Fallon,conflicting or missing match,8081501
USEWB,Fall River-New Bedford Apt,conflicting or missing match,4945128
USFLJ,Falls Bay,conflicting or missing match,8643511
USFWL,Farewell,conflicting or missing match,5556590
USFRG,Farmingdale,conflicting or missing match,5133681
USFAM,Farmington,conflicting or missing match,4386292
USFYM,Fayetteville,conflicting or missing match,4621922
USFYV,Fayetteville,conflicting or missing match,4108978
USFIL,Fillmore,conflicting or missing match,5539099
USFIV,Five Finger,conflicting or missing match,5846306
USFMC,Five Mile,conflicting or missing match,5878602
USFCL,Florence,conflicting or missing match,7261268
USMSL,Florence-Muscle Shoals Apt,conflicting or missing match,4047374
USFLU,Flushing Apt/New York,conflicting or missing match,5117473
USFAF,Fort Eustis,conflicting or missing match,4771849
USUJF,Fort Gillem,no explicit link,
USFHU,Fort Huachuca-Sierra Vista Apt,conflicting or missing match,7668305
USMUI,Fort Indiantown,conflicting or missing match,5190069
USFLV,Fort Leavenworth,conflicting or missing match,8096591
USFRI,Fort Riley,conflicting or missing match,7259267
USFSI,Fort Sill,conflicting or missing match,4537137
USFOX,Fox,conflicting or missing match,5862522
USFKL,Franklin,conflicting or missing match,5184072
USFLH,Franklin,no explicit link,
USFDR,Frederick,conflicting or missing match,4537294
USFEP,Freeport,conflicting or missing match,4883021
USFDP,Freisland,no explicit link,
USFET,Fremont,conflicting or missing match,5068747
USFNR,Funter Bay,conflicting or missing match,5846477;5846508
USGVL,Gainesville,conflicting or missing match,4205342
USGBH,Galbraith Lake,conflicting or missing match,5862652
USGAL,Galena,conflicting or missing match,5862656
USGCK,Garden City,conflicting or missing match,5445445
USGJC,Genesee,conflicting or missing match,5254158
USGED,Georgetown,conflicting or missing match,4144896
USGGE,Georgetown,conflicting or missing match,4579667
USGGA,Georgia,conflicting or missing match,5236377
USGTY,Gettysburg,conflicting or missing match,4557585
USKGZ,Glacier Creek,conflicting or missing match,5862889
USGGG,Gladewater-Longview-Kilgore Apt,conflicting or missing match,4695144
USGCD,Glen Allen,no explicit link,
USGWV,Glendale,conflicting or missing match,4807101
USGHI,Glendale Hghts,no explicit link,
USGDV,Glendive,conflicting or missing match,5685656
USGDO,Golden,conflicting or missing match,4421935
USGDH,Golden Horn,conflicting or missing match,5863052
USGLD,Goodland,conflicting or missing match,5445482
USGVE,Gordonsville,conflicting or missing match,4761461
USGFT,Grafton,conflicting or missing match,5058526
USGPZ,Grand Rapids,conflicting or missing match,5028539
USGMT,Granite Mountain,conflicting or missing match,8114023
USGNT,Grants,conflicting or missing match,5469855
USGBD,Great Bend,conflicting or missing match,4272345
USGFD,Greenfield,conflicting or missing match,4263271
USGFH,Greenfield,conflicting or missing match,4409441
USRVR,Green River,conflicting or missing match,7701949
USGSO,Greensboro-High Point Apt,conflicting or missing match,4469156
USFWZ,Green Town,conflicting or missing match,7164893
USGWH,Greenview Hills,no explicit link,
USGLH,Greenville,conflicting or missing match,4428484
USGRE,Greenville,conflicting or missing match,4239869
USGVT,Greenville,conflicting or missing match,4708867
USGSP,Greenville-Greer Apt,conflicting or missing match,6301603
USGRW,Greenwich,conflicting or missing match,5119418
USGRD,Greenwood,conflicting or missing match,4580576
USGWO,Greenwood,conflicting or missing match,4428526
USGFI,Griffin,conflicting or missing match,4691876
USGON,Groton-New London Apt,conflicting or missing match,4835487
USGOK,Guthrie,conflicting or missing match,4538153
USGWY,Gwynedd,conflicting or missing match,5192305
USSUN,Hailey-Sun Valley Apt,conflicting or missing match,5593666
USHAB,Hamilton,conflicting or missing match,4074637
USHPT,Hampton,conflicting or missing match,4868686
USUJS,Hampton,conflicting or missing match,4599937
USHNM,Hana,conflicting or missing match,5856195
USCMX,Hancock,conflicting or missing match,4996574
USHVE,Hanksville,conflicting or missing match,5540149
USHNX,Hanna,conflicting or missing match,8299124
USHBC,Hanus Bay,no explicit link,
USHAE,Havasupai,conflicting or missing match,5297533
USHVR,Havre,conflicting or missing match,5656501
USHTH,Hawthorne,conflicting or missing match,5505324
USHAY,Haycock,conflicting or missing match,5863815
USHDN,Hayden,conflicting or missing match,5583631
USHYR,Hayward,conflicting or missing match,5255892
USHEE,Helena,conflicting or missing match,4133499
USHEV,Hendersonville,conflicting or missing match,4453056
USHED,Herendeen,conflicting or missing match,5863940
USHDA,Hidden Falls,conflicting or missing match,8299183
USHGL,Highland,conflicting or missing match,4895876
USHIH,Highland,conflicting or missing match,5120759
USHQW,Highlands,conflicting or missing match,5793242
USHLC,Hill City,conflicting or missing match,4272984
USHBR,Hobart,conflicting or missing match,4538825
USHFF,Hoffman,conflicting or missing match,4477710
USHLX,Holland,conflicting or missing match,5203221
USHLI,Hollister,conflicting or missing match,5357493
USHCR,Holy Cross,conflicting or missing match,5864134
USHOM,Homer,conflicting or missing match,5864146
USHMS,Homeshore,no explicit link,
USXGN,Hondo,conflicting or missing match,4722843
USHOF,Hoosierlift,no explicit link,
USHSP,Hot Springs,conflicting or missing match,4765718
USHTL,Houghton,conflicting or missing match,4996580;5007588
USHCC,Hudson,conflicting or missing match,5113367
USHUS,Hughes,conflicting or missing match,5864348
USHUD,Humboldt,conflicting or missing match,4861355
USHTV,Huntsville,conflicting or missing match,4699544
USHEK,Hyde Park,conflicting or missing match,5128514
USWHD,Hyder,conflicting or missing match,5553656
USICY,Icy Bay,conflicting or missing match,5864472
USIML,Imperial,conflicting or missing match,5696366
USIDP,Independence,conflicting or missing match,4273368
USIMT,Iron Mountain,conflicting or missing match,4993069
USISP,Islip,conflicting or missing match,5143866
USIVH,Ivishak,conflicting or missing match,5865027
USJAC,Jackson,conflicting or missing match,5828662
USJXN,Jackson,conflicting or missing match,6298503
USMJQ,Jackson,conflicting or missing match,5031701
USMKL,Jackson,conflicting or missing match,4640715
USIJX,Jacksonville,conflicting or missing match,4241714
USJKV,Jacksonville,conflicting or missing match,4680612
USOAJ,Jacksonville,conflicting or missing match,4452320
USJHW,Jamestown,conflicting or missing match,6298490
USJMS,Jamestown,conflicting or missing match,5059843
USAPT,Jasper,conflicting or missing match,4639504
USJFN,Jefferson,conflicting or missing match,5146093
USJNY,Johnson,conflicting or missing match,5122794
USJDN,Jordan,conflicting or missing match,5659997
USUNU,Juneau,conflicting or missing match,5250688
USKUI,Kailua (Maui),conflicting or missing match,5847490
USKQO,Kailua (Oahu),no explicit link,
USAIZ,Kaiser/Lake Ozark,conflicting or missing match,4394825
USKKK,Kalakaket,conflicting or missing match,8114030
USMUE,Kamuela,conflicting or missing match,5854593
USKCK,Kansas City,conflicting or missing match,4393219
USKKL,Karluk Lake,conflicting or missing match,5865856
USKUA,Kaunakakai (Molokai),conflicting or missing match,5848652
USEEN,Keene,conflicting or missing match,5085428
USKEU,Kelly Bar,conflicting or missing match,8299035
USKLP,Kelp Bay,conflicting or missing match,8299256
USKDL,Kendall,no explicit link,
USKEH,Kenmore Air Harbor,conflicting or missing match,5800346
USKBN,Kennebunk,conflicting or missing match,5281094
USKNT,Kennett,conflicting or missing match,4393453
USKIL,Killingly,conflicting or missing match,4833449
USKMT,Kingsmountain,no explicit link,
USIRK,Kirksville,conflicting or missing match,5054475
USKKB,Kitoi Bay,conflicting or missing match,5866430
USKZH,Kizhuyak,conflicting or missing match,5866462
USKBK,Klag Bay,conflicting or missing match,8298751
USLKK,Kulik Lake,conflicting or missing match,5866853
USLFL,La Belle,conflicting or missing match,4169144
USLAF,Lafayette,conflicting or missing match,4924709
USLFO,La Follette,conflicting or missing match,7170292
USLGZ,La Grange Highlands,no explicit link,
USXES,Lake Geneva,conflicting or missing match,5259172
USLPR,Lakeport,conflicting or missing match,7261991
USLKS,Lakeside,conflicting or missing match,4704976
USKDB,Lakeside Marblehead,no explicit link,
USLKV,Lakeview,conflicting or missing match,5735649
USLIL,Lakeville,conflicting or missing match,4945659
USLAA,Lamar,conflicting or missing match,5427960
USLNS,Lancaster,conflicting or missing match,5197080
USLPO,Laporte,no explicit link,
USLBE,Latrobe,conflicting or missing match,5197215
USLRM,Laurel,conflicting or missing match,4369978
USLVL,Lawrenceville,conflicting or missing match,4768887
USLWV,Lawrenceville,conflicting or missing match,4242774
USLXV,Leadville,conflicting or missing match,7261643
USLFA,Lebanon,conflicting or missing match,4292686
USLCG,Le Compte,no explicit link,
USLEE,Leesburg,conflicting or missing match,4161775
USLRJ,Lemars,conflicting or missing match,4864345
USLXK,Lenox,conflicting or missing match,4903535
USLWB,Lewisburg,conflicting or missing match,4807623
USLWS,Lewiston,conflicting or missing match,5598539
USLXN,Lexington,conflicting or missing match,5071054
USWLN,Little Naukati,no explicit link,
USLIX,Livingston,conflicting or missing match,4740941
USLVM,Livingston,conflicting or missing match,5666608
USLDN,London,conflicting or missing match,5164352
USLNI,Lonely,conflicting or missing match,5867754
USLNR,Lone Rock,conflicting or missing match,5276122
USLIJ,Long Island,conflicting or missing match,8298924
USLOG,Longview,conflicting or missing match,5801621
USLNE,Los Nietos,conflicting or missing match,7262518
USLHB,Lost Harbor,conflicting or missing match,8521670
USLSR,Lost River,conflicting or missing match,5867916
USLMS,Louisville,conflicting or missing match,4434291
USPOY,Lovell-Powell Apt,conflicting or missing match,5835617
USLOL,Lovelock,conflicting or missing match,5703217
USLLQ,Lowland,no explicit link,
USLBT,Lumberton,conflicting or missing match,4477529
USLYO,Lyons,conflicting or missing match,4274937
USLYQ,Lyon Station,no explicit link,
USMQB,Macomb,conflicting or missing match,4900828
USMDN,Madison,conflicting or missing match,4260857
USXMD,Madison,conflicting or missing match,5229527
USMDJ,Madison-Madras Apt,conflicting or missing match,5719287
USAGO,Magnolia,conflicting or missing match,4120332
USMLK,Malta,conflicting or missing match,8096314
USMEE,Manatee,conflicting or missing match,4163296
USMHK,Manhattan,conflicting or missing match,4274998
USMFD,Mansfield,conflicting or missing match,6298629
USMNS,Mansfield,conflicting or missing match,7257704
USMEO,Manteo,conflicting or missing match,4477895
USMWP,Manver,no explicit link,
USMIN,Marion,conflicting or missing match,4498252
USMWA,Marion,conflicting or missing match,4253176
USMZZ,Marion,conflicting or missing match,4923214
USMHL,Marshall,conflicting or missing match,4397225
USMML,Marshall,conflicting or missing match,6298674
USMFB,Marshfield,conflicting or missing match,4943213
USMTN,Martin Mariet/Baltimore,conflicting or missing match,4361793
USMYV,Marysville,conflicting or missing match,5411027
USMYK,May Creek,conflicting or missing match,5868464
USMFE,McAllen-Mission Apt,conflicting or missing match,4709809
USMXY,McCarthy,conflicting or missing match,5868503
USMCG,McGrath,conflicting or missing match,5868548
USMKR,McKeesport,conflicting or missing match,5187987
USMPR,McPherson,conflicting or missing match,4275262
USMQW,McRae,conflicting or missing match,4225959
USMDF,Medford,conflicting or missing match,5275452
USMIO,Miami,conflicting or missing match,4542697
USMWO,Middletown,conflicting or missing match,4514569
USDBD,Midway,conflicting or missing match,4887472
USMLF,Milford,conflicting or missing match,5543140
USNSE,Milton,conflicting or missing match,6301673
USMEV,Minden,conflicting or missing match,5503129
USMHE,Mitchell,conflicting or missing match,5229797
USMEF,Moffett Field,no explicit link,
USMLU,Monroe,conflicting or missing match,4345850
USMWI,Monroe,conflicting or missing match,5263331;5263343
USMPQ,Monroe Park,no explicit link,
USMVC,Monroeville,conflicting or missing match,4076707
USMGJ,Montgomery,conflicting or missing match,5129916
USMOC,Monticello,no explicit link,
USMSV,Monticello,conflicting or missing match,5140137
USMXC,Monticello,conflicting or missing match,5546330
USMXO,Monticello,conflicting or missing match,4867814
USGMV,Monument Valley Gldngs,conflicting or missing match,5543406
USMRJ,Moorestown,conflicting or missing match,7258303
USPTN,Morgan City-Patterson Apt,conflicting or missing match,4327034
USMPP,Morgans Point,conflicting or missing match,4712319
USMSW,Morris,conflicting or missing match,4902955
USKMY,Moser Bay,conflicting or missing match,5869318
USMWH,Moses Lake,conflicting or missing match,7261921
USWMH,Mountain Home,conflicting or missing match,4100583
USMOU,Mountain Village,conflicting or missing match,5869367
USMOP,Mount Pleasant,conflicting or missing match,5002724
USMPZ,Mount Pleasant,conflicting or missing match,4868224
USCEY,Murray,conflicting or missing match,4297229
USDCA,National Apt/Washington,conflicting or missing match,4782828
USNKI,Naukiti,conflicting or missing match,8298644
USEOS,Neosho,conflicting or missing match,4400184
USNVD,Nevada,conflicting or missing match,4400208
USECS,Newcastle,conflicting or missing match,5832626
USNCN,New Chenega,conflicting or missing match,8114008
USNHT,New Hartford,conflicting or missing match,7257382
USKGK,New Koliganek,conflicting or missing match,5869869
USPHD,New Philadelphia,conflicting or missing match,5157012
USEFK,Newport,conflicting or missing match,5239066
USNWH,Newport,conflicting or missing match,5090821
USRNH,New Richmond,conflicting or missing match,5264482
USEWK,Newton,conflicting or missing match,4276249
USTNU,Newton,conflicting or missing match,4868920
USNKV,Nichen Cove,conflicting or missing match,9670878
USNLE,Niles,conflicting or missing match,4997527
USOFK,Norfolk,conflicting or missing match,5071323
USORF,Norfolk,conflicting or missing match,4776222;4776235;4776242;12382329
USNRR,North,conflicting or missing match,5129245
USXJN,North Branch,conflicting or missing match,4504476
USNHU,North Huntingdon,conflicting or missing match,5203693
USNVR,Northville (Riverhead),no explicit link,
USOWD,Norwood,conflicting or missing match,4945959
USOKP,Oak,conflicting or missing match,5204107
USOKQ,Oakdale,conflicting or missing match,5345025
USOKI,Oak Island,conflicting or missing match,5102094
USOBT,Oakland,conflicting or missing match,8081447
USOCY,Ocean,conflicting or missing match,4503346
USNTU,Oceana,conflicting or missing match,6301675
USOCI,Oceanic,conflicting or missing match,8299109
USOCA,Ocean Reef,conflicting or missing match,4166734
USOHQ,Oglethorpe,conflicting or missing match,4195850
USOLD,Old Town,conflicting or missing match,6298802
USKOY,Olga Bay,conflicting or missing match,5870802
USOLY,Olney,conflicting or missing match,4246388
USONY,Olney,conflicting or missing match,4046448
USONO,Ontario,conflicting or missing match,5744172
USOVE,Oroville,conflicting or missing match,5397700
USOEO,Osceola,conflicting or missing match,5265830
USOTQ,Ottawa,conflicting or missing match,5165812
USOTO,Otto,conflicting or missing match,8299218
USOXR,Oxnard-Ventura Apt,conflicting or missing match,5380186
USPFC,Pacific City,conflicting or missing match,5744637
USPFA,Paf Warren,no explicit link,
USPCE,Painter Creek,conflicting or missing match,8299016
USPDE,Palisade,conflicting or missing match,5102369
USPAB,Palm Beach,conflicting or missing match,4177887
USPAQ,Palmer,conflicting or missing match,5871155
USPHT,Paris,conflicting or missing match,4628830
USPKW,Parker,conflicting or missing match,5815136
USPFO,Park Forest,conflicting or missing match,4892775
USPKJ,Park Junction,no explicit link,
USKPK,Parks,conflicting or missing match,8260754
USXKL,Parris Island,conflicting or missing match,7260557
USNHK,Patuxent River,conflicting or missing match,4365083
USPPW,Paw Paw,conflicting or missing match,5005128
USPLC,Pearl City (Oahu),no explicit link,
USPBD,Pembroke,conflicting or missing match,4168139
USPRI,Perrine,conflicting or missing match,4177917
USFPY,Perry,conflicting or missing match,6297536
USKPV,Perryville,conflicting or missing match,5871445
USGUS,Peru,conflicting or missing match,6298328
USPTB,Petersburg,conflicting or missing match,6298936
USPNF,Peterson's Point,conflicting or missing match,8299223
USPNE,Philadelphia North East Apt,conflicting or missing match,5203732
USPHP,Philip,conflicting or missing match,5767898
USLQK,Pickens,conflicting or missing match,4590955
USPQS,Pilot Station,conflicting or missing match,5871602
USPTS,Pittsburg,conflicting or missing match,4267753
USPVF,Placerville,conflicting or missing match,5383561
USPLS,Plains,conflicting or missing match,4190581
USXKM,Plainsboro,conflicting or missing match,5102729
USPVW,Plainview,conflicting or missing match,5522718
USPLQ,Plaquemine,conflicting or missing match,4319972
USPLB,Plattsburgh,conflicting or missing match,7258482
USPTR,Pleasant Harbour,no explicit link,
USPLY,Plymouth,conflicting or missing match,4924958
USPMF,Plymouth,conflicting or missing match,4165218
USPOH,Pocahontas,conflicting or missing match,4871743
USPVY,Pope Vanoy,no explicit link,
USPCK,Porcupine Creek,conflicting or missing match,5871884
USPBW,Port Bienville,no explicit link,
USPFD,Port Frederick,conflicting or missing match,8299042
USPOL,Portland,conflicting or missing match,4365981
USPDL,Port Lions,no explicit link,
USPRL,Port Oceanic,conflicting or missing match,8299120
USPBC,Port of Palm Beach,conflicting or missing match,4167754
USPMH,Portsmouth,conflicting or missing match,4513185
USPWR,Port Walter,conflicting or missing match,5556495;5558321;5844734
USPTY,Port Washington,no explicit link,
USPZS,Post,conflicting or missing match,4704180
USPTT,Pratt,conflicting or missing match,4277737
USPQI,Presque Isle,conflicting or missing match,4973770
USPUC,Price,conflicting or missing match,5536455
USBLF,Princeton,conflicting or missing match,4814466
USPNN,Princeton,conflicting or missing match,4976041
USPPC,Prospect Creek,conflicting or missing match,5872116
USPVD,Providence,conflicting or missing match,5224151;11886732
USUKT,Quakertown,conflicting or missing match,5207382
USNYG,Quantico,conflicting or missing match,6326865
USUQE,Queen,conflicting or missing match,5872320
USQUO,Quogue,conflicting or missing match,5116035
USRGG,Rabun Gap,conflicting or missing match,4189529
USRAY,Rahway,no explicit link,
USRBK,Rancho,conflicting or missing match,5385955
USRDO,Rancho Dominguez,conflicting or missing match,5344817
USRDB,Red Dog,conflicting or missing match,5872534
USRDR,Red River,conflicting or missing match,8481822
USRRV,Red River Ad,no explicit link,
USRER,Rensselaer,conflicting or missing match,5133670
USRIE,Rice Lake,conflicting or missing match,6301707
USRIF,Richfield,conflicting or missing match,5545713
USXLG,Richland Hills,conflicting or missing match,4715292
USRID,Richmond,conflicting or missing match,4263683
USRJO,Ringgold,conflicting or missing match,5203250
USRVL,Riverdale,conflicting or missing match,4353925
USRCR,Rochester,conflicting or missing match,4920551
USRHC,Rock Hill,conflicting or missing match,4485709
USRKD,Rockland,conflicting or missing match,4968998
USRKW,Rockwood,conflicting or missing match,4653994
USREO,Rome,conflicting or missing match,5749253
USROL,Roosevelt,conflicting or missing match,5780708
USRJN,Rotterdam Junction,conflicting or missing match,7258447
USRTD,Rotunda,no explicit link,
USRPX,Roundup,conflicting or missing match,5674880
USRWY,Rowley,conflicting or missing match,5783644
USRXY,Roxbury,conflicting or missing match,4955128
USRBY,Ruby,conflicting or missing match,5873031
USRSL,Russell,conflicting or missing match,4278474
USSAD,Safford,conflicting or missing match,5312487
USSGW,Saginaw Bay,conflicting or missing match,5556878
USSSL,Saint Charles,conflicting or missing match,4161624;4908737
USSCL,Saint Clair,conflicting or missing match,5010978
USSTG,Saint George Island,conflicting or missing match,5869873
USSJN,Saint Johns,conflicting or missing match,5312601
USKSM,Saint Marys,conflicting or missing match,5873197
USSXW,Saint Paul,no explicit link,
USSBO,Salina,conflicting or missing match,5546264
USSA5,San Antonio,conflicting or missing match,5488864
USKSR,Sandy River,conflicting or missing match,10377745
USSFM,Sanford,conflicting or missing match,4977771
USWSJ,San Juan,conflicting or missing match,5873319
USSAK,San Pablo,conflicting or missing match,5392528
USSAA,Saratoga,conflicting or missing match,5838259
USWSF,Sarichef,conflicting or missing match,5873415
USSKL,Schuylkill,conflicting or missing match,5211212
USSBJ,Seabrook,conflicting or missing match,4504007
USSYB,Seal Bay,conflicting or missing match,7910269
USUYP,Seneca,conflicting or missing match,5137622
USSFS,Seneca Falls,conflicting or missing match,5137622;5137625
USSER,Seymour,conflicting or missing match,4257756
USNRI,Shangri-la,no explicit link,
USSMU,Sheep Mountain,conflicting or missing match,5873923
USSHF,Sheffield,conflicting or missing match,4047374
USSBX,Shelby,conflicting or missing match,5677434
USSYA,Shemya,conflicting or missing match,4046198
USSHR,Sheridan,conflicting or missing match,5838200
USPNX,Sherman-Denison,conflicting or missing match,4694711
USHCB,Shoal Cove,conflicting or missing match,8299006
USSDY,Sidney,conflicting or missing match,5677750
USSNY,Sidney,conflicting or missing match,5699564
USSXM,Sixela,no explicit link,
USSFZ,Smithfield,conflicting or missing match,5223661
USMQY,Smyrna,conflicting or missing match,4658592
USSNK,Snyder,conflicting or missing match,5534073
USONM,Socorro,conflicting or missing match,5492014
USXLN,South Brunswick,conflicting or missing match,5104814
USSOQ,South Grafton,conflicting or missing match,4951395
USSDR,South Johnson City,no explicit link,
USXMF,South Miami,conflicting or missing match,4173497
USSSQ,South Pierce,conflicting or missing match,7259774
USXMR,Southwark,no explicit link,
USSVW,Sparrevohn,conflicting or missing match,5874890
USCMY,Sparta,conflicting or missing match,5273937
USSAR,Sparta,conflicting or missing match,4250438
USSUS,Spirit of Saint Louis Apt/Saint Louis,conflicting or missing match,4409672
USSGF,Springfield,conflicting or missing match,4409901
USVSF,Springfield,conflicting or missing match,5236875
USSOS,Spring Park,conflicting or missing match,5048361
USSQT,Squaw Valley,conflicting or missing match,5398440
USSYN,Stanton,conflicting or missing match,5048551
USWSB,Steamboat Bay,conflicting or missing match,5557599
USSTK,Sterling,conflicting or missing match,5576116
USSTO,Stone,conflicting or missing match,4600911
USMVL,Stowe,conflicting or missing match,5238772
USSNB,Strang,no explicit link,
USSSW,Stuart Island,conflicting or missing match,5812365
USIRS,Sturgis,conflicting or missing match,4998254
USSGT,Stuttgart,conflicting or missing match,4132634
USSIV,Sullivan,conflicting or missing match,4265510
USUMM,Summit,conflicting or missing match,5875394
USSCI,Sun City,conflicting or missing match,5316205
USSUO,Sun River,conflicting or missing match,5755338
USSWE,Sunset Whitney Ranch,no explicit link,
USSXU,Sutton,conflicting or missing match,7263016
USSWW,Sweetwater,conflicting or missing match,5516527
USTKL,Taku Lodge,conflicting or missing match,5557833
USTLJ,Tatalina,conflicting or missing match,5875863
USTWE,Taylor,conflicting or missing match,5875890
USTYZ,Taylor,conflicting or missing match,5316961
USTZW,Tazewell,conflicting or missing match,4645422
USKTS,Teller Mission,conflicting or missing match,5858026
USTEH,Tetlin,conflicting or missing match,5876020
USTXK,Texarkana,conflicting or missing match,4133371
USTSK,Thomaston,conflicting or missing match,4979277
USTVI,Thomasville,conflicting or missing match,4226357
USTHM,Thompsonfield,conflicting or missing match,5682255
USKTH,Tikchik,conflicting or missing match,5876229
USTOC,Toccoa,conflicting or missing match,4226702
USGFB,Togiak Fish,no explicit link,
USTOG,Togiak Village,conflicting or missing match,5876352
USTDO,Toledo,conflicting or missing match,5813686
USTQL,Toluca Lake,no explicit link,
USVFB,Travis Air Force Base,no explicit link,
USTRX,Trenton,conflicting or missing match,5057568
USUGI,Uganik,conflicting or missing match,10794084
USUNI,Union,conflicting or missing match,5202382
USUNZ,Union,conflicting or missing match,4914331
USUSC,Union South Carolina,conflicting or missing match,4572677
USUTN,Uniontown,conflicting or missing match,4557713
USUIZ,Utica,conflicting or missing match,4985784
USUTO,Utopia Creek,conflicting or missing match,5864740
USVTN,Valentine,conflicting or missing match,5697591
USVPS,Valparaiso,conflicting or missing match,10170335
USVLA,Vandalia,conflicting or missing match,4251926
USVNN,Vernon,conflicting or missing match,5127835
USVCK,Vickery,no explicit link,
USVHF,Vint Hill Farms,no explicit link,
USVTI,Vista,conflicting or missing match,5336899
USWPS,Wabasso,conflicting or missing match,4177270
USWZV,Wailuku (Maui),conflicting or missing match,5854496
USWPH,Waipahu (Oahu),conflicting or missing match,5854686
USWAA,Wales,conflicting or missing match,5877564
USWLU,Walnut,conflicting or missing match,5406990
USSZL,Warrensburg,conflicting or missing match,6299142
USVTO,Washington,conflicting or missing match,4869278
USWTM,Waterford,conflicting or missing match,4973712
USART,Watertown,conflicting or missing match,5143399
USATY,Watertown,conflicting or missing match,5232744
USWVL,Waterville,conflicting or missing match,4982237
USXOF,Waverly,conflicting or missing match,4714603
USWYJ,Wayne,conflicting or missing match,4920423
USDTW,Wayne County Apt/Detroit,conflicting or missing match,4990742
USWAY,Waynesburg,conflicting or missing match,4558378
USLWL,Wells,conflicting or missing match,5704585
USELZ,Wellsville,conflicting or missing match,5143588
USWVZ,West Bath,conflicting or missing match,4982446
USWCA,West Carrollton,conflicting or missing match,4527963
USWDP,West Deptford,conflicting or missing match,4504786
USVKW,West Kavik,conflicting or missing match,8260922
USWML,Westmoreland,conflicting or missing match,5219009
USWSU,West Springfield,no explicit link,
USEAN,Wheatland,conflicting or missing match,5834957
USHLG,Wheeling,conflicting or missing match,5280879
USHIE,Whitefield,conflicting or missing match,5089919
USNEN,Whitehouse,conflicting or missing match,8113628
USWTR,White River,conflicting or missing match,5320801
USBRG,Whitesburg,no explicit link,
USIKB,Wilkesboro,conflicting or missing match,4482577
USISN,Williston,conflicting or missing match,5692149
USWIB,Willow Brook,no explicit link,
USWLW,Willows,conflicting or missing match,5409790
USILN,Wilmington,conflicting or missing match,4505054
USMWM,Windom,conflicting or missing match,5053092
USXNS,Windsor,conflicting or missing match,5128577
USBDL,Windsor Locks-Hartford Apt,conflicting or missing match,5282636
USWLD,Winfield,conflicting or missing match,4280091
USINW,Winslow,conflicting or missing match,5321482
USISS,Wiscasset,conflicting or missing match,4983360
USLNP,Wise,conflicting or missing match,4770458
USOLF,Wolf Point,conflicting or missing match,5664154
USWOJ,Woodbury,conflicting or missing match,4504919
USXNO,Woodbury,conflicting or missing match,7257433
USWDQ,Woodland,conflicting or missing match,5410438
USVTR,Woodson Terrace/St Louis,conflicting or missing match,4415434
USWDS,Woodstock,conflicting or missing match,4843359
USWWR,Woodward,conflicting or missing match,4555129
USWRL,Worland,conflicting or missing match,5843498
USOTG,Worthington,conflicting or missing match,5053468
USWYI,Wyemills,no explicit link,
USYKN,Yankton,conflicting or missing match,5226831
USTHV,York,conflicting or missing match,4562408
USOYS,Yosemite Ntl Park,no explicit link,
USUCC,Yucca Flat,conflicting or missing match,5550583
USZGL,Zieglerville,no explicit link,
UYCPP,Cuenca del Plata,no explicit link,
UYJIT,Jose Ignacio Terminal,conflicting or missing match,11525731
UYLAP,La Paloma/Rocha,conflicting or missing match,3442105
VCSVD,Saint Vincent,conflicting or missing match,3577815;3577816;3577817
VEAMY,Amuay,conflicting or missing match,3649293;11525737
VEBAV,Bachaquero/Maracaibo L,no explicit link,
VEBJV,Bajo Grande/Maracaibo L,no explicit link,
VECBS,Cabimas/Maracaibo L,conflicting or missing match,3631260;3647651
VECUP,Carupano,conflicting or missing match,3646382;11525743
VEETV,El Tablazo/Maracaibo L,no explicit link,
VEGUB,Guaranao Bay,conflicting or missing match,11550094
VELCV,La Ceiba/Maracaibo L,no explicit link,
VELAG,La Guaira,conflicting or missing match,3637721;11525740
VELSV,La Salina/Maracaibo L,conflicting or missing match,11525761
VELSP,Las Piedras,conflicting or missing match,3635464;11525759
VEPMR,Palmarejo/Maracaibo L.,no explicit link,
VEPRG,Pertigalete,conflicting or missing match,3630321;11525742
VEPHO,Puerto de Hierro,conflicting or missing match,3629695;11525745
VEMIV,Puerto Miranda/Maracaibo L.,no explicit link,
VEPCU,Punta Cuchillo,no explicit link,
VESFX,San Felix,conflicting or missing match,3645528
VETJV,Tia Juana/Maracaibo L,no explicit link,
VEWOK,Wonken,conflicting or missing match,7731623
VGEIS,"Beef Island, Tortola",conflicting or missing match,3577757
VGNSX,N. Sound/Virgin Gorda,conflicting or missing match,3577326
VGRAD,"Road Town, Tortola",conflicting or missing match,3577430
VICHA,"Charlotte Amalie, Saint Thomas",conflicting or missing match,4795467
VIENP,Enighed Pond,no explicit link,
VIFRD,"Frederiksted, Saint Croix",conflicting or missing match,4795761
VIHOC,Hovic,no explicit link,
VILIB,Limetree Bay,conflicting or missing match,12196103
VNBEN,Benthuy,no explicit link,
VNCRB,Camranh,no explicit link,
VNHAA,Hoai An,conflicting or missing match,8440833
VNVIC,"Ho Chi Minh, VICT",conflicting or missing match,11549688
VNKHU,Khonh Hung,no explicit link,
VNLAN,Long An-Ben Luc,conflicting or missing match,1588010
VNPHL,Phuoe Le,no explicit link,
VNHHO,Quanduc,no explicit link,
VNTAM,Tanamexco ICD,no explicit link,
VNTCG,Tan Cang,conflicting or missing match,1563170
VNTSN,Tan Son Nhat Apt,conflicting or missing match,1904593
VNTBI,Thang Binh,conflicting or missing match,1592105
VNVYN,Vinh Yen,conflicting or missing match,1560037
VUGBA,Big Bay,no explicit link,
VUFTA,Futuna Island,conflicting or missing match,7668380
VUZGU,Gaua,conflicting or missing match,2136974
VULNB,Lamen Bay,conflicting or missing match,7730712
VUPSA,Port Sandwich,no explicit link,
VUUIQ,Quine Hill,conflicting or missing match,7730722
VURCL,Redcliffe,conflicting or missing match,7730715
VUSSR,Sara,conflicting or missing match,7730710
VUSWJ,South West Bay,conflicting or missing match,7730720
VUTAH,Tanna,conflicting or missing match,2134013
VUTOH,Torres,conflicting or missing match,2137421
VUWLH,Walaha,conflicting or missing match,7730719
WSMXS,Maota Savaii Is,conflicting or missing match,7667898
XZBUV,Buffalo Venture,no explicit link,
XZOCA,"Co-operation Zone A (AU,ID)",no explicit link,
XZDRT,De Ruiter,no explicit link,
XZLGT,Legendre Terminal,no explicit link,
XZNTE,Northern Endeavour,no explicit link,
XZSTP,Stage Platform,no explicit link,
YEEAB,Abbse,conflicting or missing match,7730758
YEADE,Aden,conflicting or missing match,415189;6300134
YEBOG,Bogoa,no explicit link,
YEELK,El Katieb,no explicit link,
YEHAR,Harad,conflicting or missing match,411029
YEMYN,Mareb,conflicting or missing match,6300138
YEMFY,Mayfa'ah,conflicting or missing match,408801
YERAK,Ras Al Kalib,no explicit link,
YESAL,Saleef Port,conflicting or missing match,9222714
ZAAOB,Algoa Bay,no explicit link,
ZACTT,City Centre,no explicit link,
ZADUK,Dukuduk,conflicting or missing match,972804
ZARSS,Izmit,no explicit link,
ZAKHO,Khoka Moya,conflicting or missing match,7731173
ZABGR,Kingsford,no explicit link,
ZAKYA,Kyalami,conflicting or missing match,8063431
ZALDZ,Londolozi,conflicting or missing match,7730489
ZAAAM,Mala Mala,conflicting or missing match,7668229;10943132
ZALBR,Marlboro,no explicit link,
ZAMHW,Matshewe,no explicit link,
ZAMWT,Maydon Whart,no explicit link,
ZAMID,Middelkraal,no explicit link,
ZAMWR,Motswari,conflicting or missing match,8298655
ZAMZF,Mzamba(Wild Coast Sun),conflicting or missing match,8299241
ZANGL,Ngala,conflicting or missing match,7730490
ZAPIT,Point,conflicting or missing match,977717
ZAAFD,Port Alfred,conflicting or missing match,964432;964433
ZARKD,Rocky's Drift,no explicit link,
ZAGSS,Sabi Sabi,conflicting or missing match,7730491
ZASDB,Saldanha Bay,conflicting or missing match,3361934
ZANTY,Sun City,conflicting or missing match,7668230
ZATDT,Tanda Tula,conflicting or missing match,7731538
ZAULX,Ulusaba,conflicting or missing match,7731584
ZAUHL,Umhlali,no explicit link,
ZAVAC,Vaalcon,no explicit link,
ZAWKB,Walker Bay,no explicit link,
ZAWAT,Waterfront,no explicit link,
ZAWBR,Woodbrook,no explicit link,
ZMZKB,Kasaba Bay,conflicting or missing match,7730508
ZWBAT,Bata,no explicit link,
ZWMJW,Mahenye,conflicting or missing match,8298816
